Hogar/Articulos para el hogar/Cocina/Ollas,Hogar/Articulos para el hogar/Cocina/Ollas,Hogar/Articulos para el hogar/Cocina/Ollas,Hogar/Articulos para el hogar/Cocina/Contenedores y Recipientes,Hogar/Articulos para el hogar/Cocina/Ollas,Hogar/Articulos para el hogar/Cocina/Reposteria y Moldes,Hogar/Articulos para el hogar/Cocina/Contenedores y Recipientes,Hogar/Articulos para el hogar/Cocina/Accesorios para Cocina,Hogar/Articulos para el hogar/Cocina/Ollas,Hogar/Articulos para el hogar/Cocina/Accesorios para Cocina,Hogar/Articulos para el hogar/Cocina/Accesorios para Cocina,Hogar/Articulos para el hogar/Cocina/Ollas,Hogar/Articulos para el hogar/Cocina/Ollas,Hogar/Articulos para el hogar/Cocina/Contenedores y Recipientes,Electrodomesticos/Electrobelleza/Planchas para el cabello,Hogar/Articulos para el hogar/Cocina/Accesorios para Cocina,Hogar/Articulos para el hogar/Cocina/Ollas,Hogar/Articulos para el hogar/Cocina/Contenedores y Recipientes,Hogar/Articulos para el hogar/Cocina/Ollas,Hogar/Articulos para el hogar/Cocina/Sartenes y Woks
Hogar/Articulos para el hogar/Cocina/Ollas,Hogar/Articulos para el hogar/Cocina/Ollas,Hogar/Articulos para el hogar/Cocina/Ollas,Hogar/Articulos para el hogar/Cocina/Contenedores y Recipientes,Hogar/Articulos para el hogar/Cocina/Ollas,Hogar/Articulos para el hogar/Cocina/Contenedores y Recipientes,Hogar/Articulos para el hogar/Cocina/Accesorios para Cocina,Hogar/Articulos para el hogar/Cocina/Accesorios para Cocina,Hogar/Articulos para el hogar/Cocina/Reposteria y Moldes,Hogar/Articulos para el hogar/Cocina/Ollas,Hogar/Articulos para el hogar/Cocina/Accesorios para Cocina,Hogar/Articulos para el hogar/Cocina/Ollas,Hogar/Articulos para el hogar/Cocina/Ollas,Electrodomesticos/Electrobelleza/Planchas para el cabello,Hogar/Articulos para el hogar/Cocina/Contenedores y Recipientes,Hogar/Articulos para el hogar/Cocina/Accesorios para Cocina,Hogar/Articulos para el hogar/Cocina/Ollas,Hogar/Articulos para el hogar/Cocina/Sartenes y Woks,Hogar/Articulos para el hogar/Cocina/Ollas,Hogar/Articulos para el hogar/Cocina/Contenedores y Recipientes
Ropa y Zapatos/Ninas/Pijamas,Ropa y Zapatos/Ninas/Camisetas,Ropa y Zapatos/Ninos/Camisetas,Ropa y Zapatos/Ninas/Vestidos y faldas,Ropa y Zapatos/Ninas/Camisas,Ropa y Zapatos/Ninas/Vestidos y faldas,Jugueteria/Munecas/Bebes,Ropa y Zapatos/Ninos/Camisetas,Ropa y Zapatos/Ninas/Conjuntos,Ropa y Zapatos/Ninas/Pantalones,Ropa y Zapatos/Ninas/Vestidos y faldas,Ropa y Zapatos/Ninos/Pijamas,Ropa y Zapatos/Ninas/Camisetas,Ropa y Zapatos/Ninos/Camisetas,Ropa y Zapatos/Ninos/Conjuntos,Ropa y Zapatos/Ninos/Camisetas,Ropa y Zapatos/Ninos/Camisetas,Ropa y Zapatos/Ninos/Conjuntos,Belleza/Cuidado Personal/Cuidado de tu salud,Ropa y Zapatos/Ninos/Bodies
Mascotas/Perros/Correas collares y arnes,Ropa y Zapatos/Zapatos/Zapatos Hombre,Tecnologia/Audifonos,Tecnologia/Audifonos,Tecnologia/Audifonos,Deportes/Accesorios/otros,Tecnologia/Audifonos,Tecnologia/Audifonos,Tecnologia/Audifonos,Tecnologia/Audifonos,Ropa y Zapatos/Zapatos/Zapatos Hombre,Deportes/Accesorios/otros,Tecnologia/Audifonos,Escolar/Morrales y tulas,Hogar/Maletas de viaje/rigidas,Hogar/Maletas de viaje/rigidas,Belleza/Relojes/Relojes Mujer,Tecnologia/Audifonos,Tecnologia/Audifonos,Belleza/Relojes/Relojes Hombre
Jugueteria/Juguetes de Bebe/Didacticos,Jugueteria/Juguetes de Bebe/Didacticos,Jugueteria/Figuras de accion/Figuras,Jugueteria/Figuras de accion/Figuras,Jugueteria/Vehiculos/Pistas,Jugueteria/Juguetes de Bebe/Didacticos,Jugueteria/Vehiculos/Carros,Jugueteria/Figuras de accion/Sets y accesorios,Jugueteria/Vehiculos/Pistas,Jugueteria/Juguetes de Bebe/Didacticos,Jugueteria/Figuras de accion/Figuras,Jugueteria/Figuras de accion/Figuras Series TV,Jugueteria/Juguetes de Bebe/Didacticos,Jugueteria/Juguetes de Bebe/Didacticos,Jugueteria/Juguetes de Bebe/Didacticos,Jugueteria/Vehiculos/Carros,Jugueteria/Juguetes de Bebe/Bloques,Jugueteria/Juguetes de Bebe/Didacticos,Jugueteria/Peluches/personajes,Jugueteria/Vehiculos/Carros
Ropa y Zapatos/Zapatos/Zapatos Mujer,Ropa y Zapatos/Zapatos/Zapatos Mujer,Ropa y Zapatos/Zapatos/Zapatos Mujer,Ropa y Zapatos/Zapatos/Zapatos Mujer,Ropa y Zapatos/Zapatos/Zapatos Mujer,Ropa y Zapatos/Zapatos/Zapatos Hombre,Hogar/Ropa de cama/Edredones y Cubrelechos,Ropa y Zapatos/Zapatos/Zapatos Mujer,Deportes/Accesorios/Soportes y vendas,Deportes/Accesorios/Soportes y vendas,Hogar/Ropa de cama/Protectores y Fundas,Hogar/Ropa de cama/Protectores y Fundas,Hogar/Ropa de cama/Protectores y Fundas,Hogar/Ropa de cama/Protectores y Fundas,Hogar/Ropa de cama/Protectores y Fundas,Hogar/Ropa de cama/Protectores y Fundas,Hogar/Ropa de cama/Protectores y Fundas,Deportes/Accesorios/Soportes y vendas,Deportes/Accesorios/Soportes y vendas,Ropa y Zapatos/Zapatos/Zapatos Hombre
Jugueteria/Punteria,Deportes/Accesorios/otros,Deportes/Articulos deportivos/Patinaje,Tecnologia/Hogar Inteligente/Cerraduras inteligentes,Videojuegos y Consolas/PlayStation/Accesorios,Videojuegos y Consolas/PlayStation/Accesorios,Deportes/Articulos deportivos/Scooters,Deportes/Articulos deportivos/Patinaje,Deportes/Articulos deportivos/Patinaje,Mascotas/Perros/Alimentos Para Perros/Snacks,Mascotas/Perros/Juguetes Para Perros,Deportes/Articulos deportivos/Patinaje,Jugueteria/Punteria,Videojuegos y Consolas/PlayStation/Accesorios,Jugueteria/Punteria,Mascotas/Perros/Productos de Aseo,Videojuegos y Consolas/PlayStation/Accesorios,Videojuegos y Consolas/PlayStation/Accesorios,Deportes/Accesorios/otros,Mascotas/Perros/Comederos y Bebederos
Ropa y Zapatos/Zapatos/Zapatos Ninos,Ropa y Zapatos/Zapatos/Zapatos Ninos,Ropa y Zapatos/Zapatos/Zapatos Bebes,Ropa y Zapatos/Zapatos/Zapatos Ninos,Ropa y Zapatos/Zapatos/Zapatos Bebes,Bebes/Cargadores,Ropa y Zapatos/Zapatos/Zapatos Bebes,Ropa y Zapatos/Zapatos/Zapatos Ninas,Mascotas,Ropa y Zapatos/Ninos/Camisas,Mascotas/Perros/Correas collares y arnes,Ropa y Zapatos/Zapatos/Zapatos Ninos,Ropa y Zapatos/Zapatos/Zapatos Bebes,Bebes/Cargadores,Ropa y Zapatos/Zapatos/Zapatos Bebes,Ropa y Zapatos/Zapatos/Zapatos Bebes,Bebes/Alimentacion/Baberos y toallas,Bebes/Cargadores,Bebes/Cargadores,Bebes/Cargadores
Jugueteria/Munecas/Bebes,Jugueteria/Figuras de accion/Figuras,Jugueteria/Vehiculos/Aviones trenes y barcos,Jugueteria/Figuras de accion/Figuras,Jugueteria/Didacticos/libros Infantiles,Jugueteria/Juguetes de Bebe/Juegos de bebe,Jugueteria/Didacticos/Rompecabezas,Jugueteria/Peluches/personajes,Jugueteria/Munecas/Bebes,Jugueteria/Figuras de accion/Figuras Series TV,Jugueteria/Didacticos/libros Infantiles,Jugueteria/Didacticos/libros Infantiles,Jugueteria/Figuras de accion/Figuras,Jugueteria/Figuras de accion/Figuras,Jugueteria/Didacticos/libros Infantiles,Jugueteria/Figuras de accion/Figuras,Jugueteria/Didacticos/Bloques,Jugueteria/Juguetes de Bebe/Didacticos,Jugueteria/Juguetes de Bebe/Didacticos,Jugueteria/Figuras de accion/Figuras
Jugueteria/Munecas/Bebes,Ropa y Zapatos/Ninas/Camisas,Ropa y Zapatos/Ninas/Pijamas,Ropa y Zapatos/Ninas/Camisetas,Ropa y Zapatos/Ninos/Camisetas,Ropa y Zapatos/Ninos/Camisetas,Jugueteria/Munecas/Bebes,Ropa y Zapatos/Ninas/Vestidos y faldas,Ropa y Zapatos/Ninas/Vestidos y faldas,Ropa y Zapatos/Ninos/Camisetas,Jugueteria/Didacticos/libros Infantiles,Jugueteria/Didacticos/libros Infantiles,Ropa y Zapatos/Ninas/Conjuntos,Ropa y Zapatos/Ninas/Pantalones,Ropa y Zapatos/Ninas/Buzos,Belleza/Cuidado Personal/Cuidado de tu salud,Ropa y Zapatos/Ninos/Pantalones,Ropa y Zapatos/Ninas/Camisetas,Ropa y Zapatos/Ninos/Conjuntos,Jugueteria/Munecas/Bebes
Jugueteria/Figuras de accion/Figuras,Jugueteria/Punteria,Jugueteria/Didacticos/Rompecabezas,Jugueteria/Didacticos/libros Infantiles,Jugueteria/Vehiculos/Carros,Jugueteria/Juguetes de Bebe/Juegos de bebe,Jugueteria/Didacticos/juegos de mesa,Jugueteria/Vehiculos/Aviones trenes y barcos,Jugueteria/Didacticos/Rompecabezas,Jugueteria/Didacticos/Bloques,Jugueteria/Figuras de accion/Figuras,Jugueteria/Didacticos/libros Infantiles,Jugueteria/Juguetes de Bebe/Bloques,Jugueteria/Figuras de accion/Sets y accesorios,Jugueteria/Figuras de accion/Figuras,Jugueteria/Didacticos/libros Infantiles,Jugueteria/Didacticos/libros Infantiles,Jugueteria/Vehiculos/Pistas,Jugueteria/Vehiculos/Aviones trenes y barcos,Jugueteria/Didacticos/juegos de mesa
Ropa y Zapatos/Ninos/Camisetas,Ropa y Zapatos/Ninas/Conjuntos,Ropa y Zapatos/Maternidad,Ropa y Zapatos/Maternidad,Ropa y Zapatos/Ninas/Bodies,Ropa y Zapatos/Ninas/Bodies,Ropa y Zapatos/Ninas/Bodies,Ropa y Zapatos/Ninas/Vestidos y faldas,Ropa y Zapatos/Ninos/Camisas,Ropa y Zapatos/Ninas/Vestidos y faldas,Ropa y Zapatos/Maternidad,Ropa y Zapatos/Ninas/Pantalones,Ropa y Zapatos/Ninas/Camisas,Ropa y Zapatos/Ninas/Vestidos y faldas,Ropa y Zapatos/Ninas/Vestidos y faldas,Ropa y Zapatos/Ninas/Camisetas,Ropa y Zapatos/Ninas/Bodies,Ropa y Zapatos/Ninas/Pantalones,Ropa y Zapatos/Ninas/Pantalones,Ropa y Zapatos/Ninas/Chaquetas
Jugueteria/Didacticos/juegos de mesa,Jugueteria/Didacticos/juegos de mesa,Jugueteria/Didacticos/Ensenanza,Jugueteria/Juegos de Rol/Cocina,Jugueteria/Didacticos/juegos de mesa,Jugueteria/Didacticos/Ensenanza,Escolar/Libros,Deportes/Articulos deportivos/Scooters,Jugueteria/Juguetes de Bebe/Bloques,Jugueteria/Figuras de accion/Figuras Series TV,Jugueteria/electricos y montables/triciclos y tres ruedas,Jugueteria/electricos y montables/triciclos y tres ruedas,Jugueteria/Juguetes de Bebe/Didacticos,Jugueteria/Didacticos/Rompecabezas,Jugueteria/Juguetes de Bebe/Didacticos,Videojuegos y Consolas/PlayStation/Videojuegos,Jugueteria/Didacticos/Rompecabezas,Mascotas/Gatos/Juguetes Para Gatos,Jugueteria/Didacticos/Ensenanza,Jugueteria/Didacticos/Rompecabezas
Jugueteria/Figuras de accion/Figuras,Jugueteria/Vehiculos/Aviones trenes y barcos,Jugueteria/Didacticos/Rompecabezas,Jugueteria/Juguetes de Bebe/Juegos de bebe,Jugueteria/Didacticos/libros Infantiles,Jugueteria/Figuras de accion/Figuras,Jugueteria/Punteria,Jugueteria/Didacticos/juegos de mesa,Jugueteria/Didacticos/Bloques,Jugueteria/Vehiculos/Carros,Jugueteria/Didacticos/libros Infantiles,Jugueteria/Didacticos/libros Infantiles,Jugueteria/Didacticos/libros Infantiles,Jugueteria/Juguetes de Bebe/Bloques,Jugueteria/Figuras de accion/Figuras Series TV,Jugueteria/Vehiculos/Carros,Jugueteria/Figuras de accion/Figuras Series TV,Jugueteria/Vehiculos/Carros,Jugueteria/Figuras de accion/Figuras,Jugueteria/Figuras de accion/Sets y accesorios
Jugueteria/Munecas/Bebes,Ropa y Zapatos/Ninas/Conjuntos,Ropa y Zapatos/Ninas/Pijamas,Ropa y Zapatos/Ninas/Pantalones,Ropa y Zapatos/Ninos/Bodies,Ropa y Zapatos/Ninos/Conjuntos,Ropa y Zapatos/Ninos/Conjuntos,Ropa y Zapatos/Ninas/Vestidos y faldas,Ropa y Zapatos/Ninas/Vestidos y faldas,Ropa y Zapatos/Ninos/Camisetas,Ropa y Zapatos/Ninos/Conjuntos,Ropa y Zapatos/Ninos/Bodies,Ropa y Zapatos/Ninos/Pijamas,Ropa y Zapatos/Ninos/Conjuntos,Ropa y Zapatos/Ninas/Jeans,Ropa y Zapatos/Ninos/Camisetas,Ropa y Zapatos/Ninas/Camisas,Ropa y Zapatos/Ninas/Bodies,Ropa y Zapatos/Ninas/Vestidos y faldas,Ropa y Zapatos/Ninas/Camisetas
Jugueteria/Munecas/Bebes,Jugueteria/Figuras de accion/Figuras,Jugueteria/Vehiculos/Aviones trenes y barcos,Jugueteria/Didacticos/libros Infantiles,Jugueteria/Didacticos/Rompecabezas,Jugueteria/Juguetes de Bebe/Juegos de bebe,Jugueteria/Figuras de accion/Figuras,Jugueteria/Didacticos/juegos de mesa,Jugueteria/Didacticos/libros Infantiles,Jugueteria/Didacticos/libros Infantiles,Jugueteria/Didacticos/libros Infantiles,Jugueteria/Didacticos/libros Infantiles,Jugueteria/Figuras de accion/Figuras,Jugueteria/Peluches/personajes,Jugueteria/Figuras de accion/Figuras Series TV,Jugueteria/Vehiculos/Carros,Jugueteria/Didacticos/Bloques,Jugueteria/Punteria,Jugueteria/Figuras de accion/Figuras,Jugueteria/Didacticos/libros Infantiles
Ropa y Zapatos/Maternidad,Ropa y Zapatos/Maternidad,Ropa y Zapatos/Maternidad,Ropa y Zapatos/Ninos/Camisetas,Ropa y Zapatos/Maternidad,Ropa y Zapatos/Ninos/Ropa interior,Ropa y Zapatos/Maternidad,Ropa y Zapatos/Ninos/Ropa interior,Ropa y Zapatos/Maternidad,Ropa y Zapatos/Maternidad,Ropa y Zapatos/Ninas/Bermudas,Ropa y Zapatos/Maternidad,Ropa y Zapatos/Maternidad,Ropa y Zapatos/Maternidad,Ropa y Zapatos/Maternidad,Ropa y Zapatos/Ninas/Camisetas,Ropa y Zapatos/Ninas/Buzos,Deportes/Gimnasio,Ropa y Zapatos/Ninos/Buzos,Ropa y Zapatos/Maternidad
Ropa y Zapatos/Ninas/Pijamas,Jugueteria/Munecas/Bebes,Ropa y Zapatos/Ninas/Camisetas,Ropa y Zapatos/Ninos/Camisetas,Ropa y Zapatos/Ninas/Vestidos y faldas,Ropa y Zapatos/Ninas/Vestidos y faldas,Ropa y Zapatos/Ninas/Camisas,Ropa y Zapatos/Ninos/Camisetas,Ropa y Zapatos/Ninas/Conjuntos,Ropa y Zapatos/Ninas/Pantalones,Ropa y Zapatos/Ninos/Conjuntos,Ropa y Zapatos/Ninos/Conjuntos,Ropa y Zapatos/Ninas/Camisetas,Ropa y Zapatos/Ninos/Camisetas,Ropa y Zapatos/Ninos/Camisetas,Ropa y Zapatos/Ninas/Vestidos y faldas,Ropa y Zapatos/Ninos/Camisetas,Ropa y Zapatos/Ninos/Camisetas,Belleza/Cuidado Personal/Cuidado de tu salud,Ropa y Zapatos/Ninos/Camisetas
Alimentos y Bebidas/Dulce/Pasabocas,Alimentos y Bebidas/Salado/Pasabocas,Jugueteria/Didacticos/juegos de mesa,Alimentos y Bebidas/Dulce/Chocolates,Escolar/Libros,Jugueteria/Didacticos/Ensenanza,Alimentos y Bebidas/Dulce/Chocolates,Jugueteria/Didacticos/juegos de mesa,Alimentos y Bebidas/Dulce/Dulces,Alimentos y Bebidas/Salado/Pasabocas,Alimentos y Bebidas/Dulce/Chocolates,Alimentos y Bebidas/Salado/Pasabocas,Jugueteria/Juegos de mesa/Familiar,Escolar/Libros,Jugueteria/Didacticos/Rompecabezas,Alimentos y Bebidas/Dulce/Dulces,Jugueteria/Didacticos/juegos de mesa,Jugueteria/Didacticos/Rompecabezas,Jugueteria/Juguetes de Bebe/Didacticos,Jugueteria/Juguetes de Bebe/Didacticos
Hogar/Articulos para el hogar/Cocina/Ollas,Hogar/Articulos para el hogar/Cocina/Ollas,Hogar/Articulos para el hogar/Cocina/Ollas,Hogar/Articulos para el hogar/Cocina/Contenedores y Recipientes,Hogar/Articulos para el hogar/Cocina/Ollas,Hogar/Articulos para el hogar/Cocina/Accesorios para Cocina,Hogar/Articulos para el hogar/Cocina/Contenedores y Recipientes,Hogar/Articulos para el hogar/Cocina/Accesorios para Cocina,Hogar/Articulos para el hogar/Cocina/Ollas,Hogar/Articulos para el hogar/Cocina/Reposteria y Moldes,Ropa y Zapatos/Zapatos/Zapatos Mujer,Ropa y Zapatos/Zapatos/Zapatos Mujer,Ropa y Zapatos/Zapatos/Zapatos Mujer,Ropa y Zapatos/Zapatos/Zapatos Mujer,Ropa y Zapatos/Zapatos/Zapatos Mujer,Hogar/Articulos para el hogar/Cocina/Ollas,Hogar/Articulos para el hogar/Cocina/Accesorios para Cocina,Ropa y Zapatos/Zapatos/Zapatos Hombre,Deportes/Accesorios/Soportes y vendas,Deportes/Accesorios/Soportes y vendas
Hogar/Articulos para el hogar/Cocina/Ollas,Hogar/Articulos para el hogar/Cocina/Ollas,Hogar/Articulos para el hogar/Cocina/Ollas,Hogar/Articulos para el hogar/Cocina/Contenedores y Recipientes,Mascotas/Perros/Productos de Aseo,Mascotas/Perros/Productos de Aseo,Belleza/Accesorios belleza,Mascotas/Perros/Productos de Aseo,Bebes/Alimentacion/Teteros y chupos/Accesorios,Hogar/Bano/Accesorios de Bano,Belleza/Accesorios belleza/Brochas,Mascotas/Perros/Productos de Aseo,Jugueteria/juguetes de rol/musicales,Deportes/Accesorios/otros,Bebes/Alimentacion/Teteros y chupos/Accesorios,Bebes/Alimentacion/Teteros y chupos/Accesorios,Mascotas/Perros/Comederos y Bebederos,Mascotas/Perros/Productos de Aseo,Mascotas/Perros/Productos de Aseo,Mascotas/Perros/Productos de Aseo
Jugueteria/Vehiculos/Pistas,Jugueteria/Punteria,Alimentos y Bebidas/Alimentos de Bebe/Snacks,Bebes/Desarrollo y estimulacion/Caminadores y bouncers,Bebes/Alimentacion/Teteros y chupos/Chupos de entretenci贸n,Jugueteria/Vehiculos/Carros,Jugueteria/Didacticos/Ensenanza,Jugueteria/Vehiculos/Pistas,Jugueteria/juegos de exterior/aire libre,Jugueteria/Vehiculos/Pistas,Jugueteria/Punteria,Jugueteria/Juguetes de Bebe/Didacticos,Jugueteria/electricos y montables/radiocontrolados,Bebes/Coches/Paseadores,Jugueteria/Vehiculos/Carros,Bebes/Desarrollo y estimulacion/Caminadores y bouncers,Jugueteria/Figuras de accion/Figuras,Jugueteria/Juguetes de Bebe/Didacticos,Jugueteria/Vehiculos/Carros,Bebes/Desarrollo y estimulacion/Caminadores y bouncers
Jugueteria/Figuras de accion/Figuras,Jugueteria/Didacticos/Rompecabezas,Jugueteria/Didacticos/juegos de mesa,Jugueteria/Vehiculos/Aviones trenes y barcos,Jugueteria/Punteria,Jugueteria/Didacticos/libros Infantiles,Jugueteria/Juguetes de Bebe/Juegos de bebe,Jugueteria/Didacticos/libros Infantiles,Jugueteria/Vehiculos/Carros,Jugueteria/Didacticos/Bloques,Jugueteria/Didacticos/libros Infantiles,Jugueteria/Didacticos/libros Infantiles,Jugueteria/Figuras de accion/Figuras,Jugueteria/Vehiculos/Carros,Jugueteria/Figuras de accion/Figuras,Jugueteria/Vehiculos/Pistas,Jugueteria/Juguetes de Bebe/Bloques,Jugueteria/Figuras de accion/Figuras Series TV,Jugueteria/Vehiculos/Carros,Jugueteria/Juguetes de Bebe/Bloques
Jugueteria/Didacticos/Ensenanza,Jugueteria/Punteria,Jugueteria/Punteria,Jugueteria/Juegos de Rol/Cocina,Jugueteria/Figuras de accion/Figuras Series TV,Mascotas/Gatos/Juguetes Para Gatos,Deportes/Articulos deportivos/Scooters,Jugueteria/electricos y montables/triciclos y tres ruedas,Jugueteria/electricos y montables/triciclos y tres ruedas,Jugueteria/Punteria,Jugueteria/Didacticos/juegos de mesa,Jugueteria/juegos de exterior/juegos de agua,Jugueteria/Didacticos/Ensenanza,Jugueteria/Didacticos/juegos de mesa,Jugueteria/Punteria,Jugueteria/juegos de exterior/juegos de agua,Mascotas/Perros/Juguetes Para Perros,Jugueteria/Juguetes de Bebe/Bloques,Jugueteria/Pilas,Jugueteria/Figuras de accion/Accesorios
Jugueteria/Didacticos/juegos de mesa,Jugueteria/Punteria,Deportes/Articulos deportivos/Scooters,Deportes/Articulos deportivos/Scooters,Jugueteria/Didacticos/Rompecabezas,Videojuegos y Consolas/Nintendo,Jugueteria/Punteria,Jugueteria/Didacticos/juegos de mesa,Mascotas/Gatos/Juguetes Para Gatos,Jugueteria/Didacticos/Rompecabezas,Jugueteria/Punteria,Jugueteria/Punteria,Jugueteria/Didacticos/Ensenanza,Mascotas/Perros/Juguetes Para Perros,Jugueteria/Didacticos/Rompecabezas,Videojuegos y Consolas/PlayStation/Videojuegos,Jugueteria/Punteria,Jugueteria/Didacticos/juegos de mesa,Escolar/Libros,Mascotas/Perros/Alimentos Para Perros/Snacks
Hogar/Articulos para el hogar/Cocina/Ollas,Hogar/Articulos para el hogar/Cocina/Ollas,Hogar/Articulos para el hogar/Cocina/Ollas,Hogar/Articulos para el hogar/Cocina/Contenedores y Recipientes,Hogar/Articulos para el hogar/Cocina/Ollas,Hogar/Articulos para el hogar/Cocina/Accesorios para Cocina,Hogar/Articulos para el hogar/Cocina/Contenedores y Recipientes,Hogar/Articulos para el hogar/Cocina/Accesorios para Cocina,Hogar/Articulos para el hogar/Cocina/Ollas,Hogar/Articulos para el hogar/Cocina/Reposteria y Moldes,Hogar/Articulos para el hogar/Cocina/Ollas,Hogar/Articulos para el hogar/Cocina/Accesorios para Cocina,Hogar/Articulos para el hogar/Cocina/Ollas,Hogar/Articulos para el hogar/Cocina/Contenedores y Recipientes,Electrodomesticos/Electrobelleza/Planchas para el cabello,Hogar/Articulos para el hogar/Cocina/Ollas,Hogar/Articulos para el hogar/Cocina/Sartenes y Woks,Hogar/Articulos para el hogar/Cocina/Ollas,Hogar/Articulos para el hogar/Cocina/Accesorios para Cocina,Hogar/Articulos para el hogar/Cocina/Accesorios para Cocina
Jugueteria/Juegos de Rol/Cocina,Electrodomesticos/electromenor/Licuadoras,Hogar/Articulos para el hogar/Cocina/Ollas,Hogar/Articulos para el hogar/Cocina/Ollas,Hogar/Articulos para el hogar/Cocina/Ollas,Electrodomesticos/Asadores/Asadores a Gas,Electrodomesticos/electromenor/Licuadoras,Alimentos y Bebidas/Dulce/Dulces,Hogar/Bano/Accesorios de Bano,Videojuegos y Consolas/PlayStation/Accesorios,Videojuegos y Consolas/PlayStation/Accesorios,Videojuegos y Consolas/PlayStation/Accesorios,Electrodomesticos/electromenor/Licuadoras,Videojuegos y Consolas/Nintendo/Accesorios,Mascotas/Perros/Juguetes Para Perros,Hogar/Articulos para el hogar/Cocina/Accesorios para Cocina,Hogar/Articulos para el hogar/Cocina/Accesorios para Cocina,Mascotas/Perros/Comederos y Bebederos,Escolar/Libros,Alimentos y Bebidas/Mundo Saludable/Snacks
Ropa y Zapatos/Ninas/Pijamas,Jugueteria/Munecas/Bebes,Ropa y Zapatos/Ninas/Conjuntos,Ropa y Zapatos/Ninas/Camisetas,Ropa y Zapatos/Ninas/Bodies,Ropa y Zapatos/Ninas/Bodies,Ropa y Zapatos/Ninas/Bodies,Ropa y Zapatos/Ninos/Pijamas,Ropa y Zapatos/Ninas/Camisas,Ropa y Zapatos/Ninos/Camisetas,Ropa y Zapatos/Ninas/Camisas,Ropa y Zapatos/Ninas/Vestidos y faldas,Ropa y Zapatos/Ninos/Pantalones,Ropa y Zapatos/Ninas/Camisas,Ropa y Zapatos/Ninas/Camisetas,Ropa y Zapatos/Ninos/Bodies,Ropa y Zapatos/Ninas/Mamelucos,Ropa y Zapatos/Ninos/Pijamas,Ropa y Zapatos/Ninas/Camisetas,Ropa y Zapatos/Ninas/Vestidos y faldas
Jugueteria/Didacticos/juegos de mesa,Jugueteria/Didacticos/juegos de mesa,Jugueteria/Didacticos/juegos de mesa,Jugueteria/Didacticos/Ensenanza,Escolar/Libros,Videojuegos y Consolas/PlayStation/Videojuegos,Jugueteria/Juguetes de Bebe/Bloques,Jugueteria/Juegos de mesa/Infantil,Jugueteria/Juegos de Rol/Cocina,Jugueteria/Figuras de accion/Figuras Series TV,Jugueteria/Didacticos/arte y manualidades,Jugueteria/electricos y montables/triciclos y tres ruedas,Jugueteria/electricos y montables/triciclos y tres ruedas,Jugueteria/Didacticos/Ensenanza,Jugueteria/Juguetes de Bebe/Didacticos,Deportes/Articulos deportivos/Scooters,Jugueteria/Didacticos/Rompecabezas,Jugueteria/Juguetes de Bebe/Didacticos,Mascotas/Gatos/Juguetes Para Gatos,Jugueteria/Didacticos/Ensenanza
Jugueteria/Figuras de accion/Figuras,Jugueteria/Didacticos/juegos de mesa,Jugueteria/Punteria,Jugueteria/Juegos de mesa/Infantil,Jugueteria/Didacticos/Rompecabezas,Jugueteria/Didacticos/Rompecabezas,Jugueteria/Didacticos/Ensenanza,Jugueteria/Didacticos/libros Infantiles,Jugueteria/Vehiculos/Pistas,Jugueteria/Vehiculos/Pistas,Jugueteria/Didacticos/juegos de mesa,Jugueteria/electricos y montables/radiocontrolados,Jugueteria/Figuras de accion/Sets y accesorios,Jugueteria/Vehiculos/Pistas,Jugueteria/Didacticos/juegos de mesa,Jugueteria/Figuras de accion/Figuras,Jugueteria/Vehiculos/Carros,Jugueteria/electricos y montables/radiocontrolados,Jugueteria/Punteria,Jugueteria/Didacticos/juegos de mesa
Jugueteria/Munecas/Bebes,Jugueteria/Figuras de accion/Figuras,Jugueteria/Vehiculos/Aviones trenes y barcos,Jugueteria/Didacticos/libros Infantiles,Jugueteria/Figuras de accion/Figuras,Jugueteria/Juguetes de Bebe/Juegos de bebe,Jugueteria/Didacticos/Rompecabezas,Jugueteria/Didacticos/libros Infantiles,Jugueteria/Figuras de accion/Figuras,Jugueteria/Figuras de accion/Figuras Series TV,Jugueteria/Didacticos/libros Infantiles,Jugueteria/Peluches/personajes,Jugueteria/Munecas/Bebes,Jugueteria/Figuras de accion/Figuras,Jugueteria/Munecas/Bebes,Jugueteria/Vehiculos/Carros,Jugueteria/Figuras de accion/Figuras Series TV,Jugueteria/Didacticos/libros Infantiles,Jugueteria/Didacticos/Bloques,Jugueteria/Figuras de accion/Figuras Series TV
Mascotas/Gatos/Juguetes Para Gatos,Mascotas/Gatos/Juguetes Para Gatos,Bebes/Alimentacion/Preparacion de alimentos/Almacenaje,Mascotas/Gatos/Juguetes Para Gatos,Bebes/Alimentacion/Platos y utensilios/Utensilios,Bebes/Alimentacion/Platos y utensilios/Utensilios,Mascotas/Gatos/Juguetes Para Gatos,Bebes/Alimentacion/Vasos/Entrenamiento,Mascotas/Gatos/Rascaderas y Gimnasios,Muebles/Muebles de Sala/Juegos de Sala,Muebles/Muebles de Sala/Juegos de Sala,Mascotas/Gatos/Comederos y Bebederos,Muebles/Muebles de Sala/Juegos de Sala,Muebles/Muebles de Sala/Juegos de Sala,Muebles/Muebles de Sala/Juegos de Sala,Jugueteria/Didacticos/Rompecabezas,Bebes/Alimentacion/Platos y utensilios/Platos,Mascotas/Gatos/Rascaderas y Gimnasios,Hogar/Articulos para el hogar/Cocina/Accesorios para Cocina,Muebles/Muebles de Sala/Juegos de Sala
Jugueteria/Didacticos/Rompecabezas,Jugueteria/Didacticos/juegos de mesa,Jugueteria/Didacticos/Ensenanza,Jugueteria/Rompecabezas,Jugueteria/Didacticos/Ensenanza,Jugueteria/Vehiculos/Carros,Jugueteria/Juegos de mesa/Infantil,Jugueteria/Juguetes de Bebe/Didacticos,Jugueteria/Juguetes de Bebe/Didacticos,Jugueteria/Didacticos/juegos de mesa,Jugueteria/Figuras de accion/Figuras,Jugueteria/Didacticos/juegos de mesa,Jugueteria/Figuras de accion/Figuras,Jugueteria/Juguetes de Bebe/Didacticos,Jugueteria/Juegos de mesa/Infantil,Escolar/Libros,Jugueteria/Didacticos/Bloques,Jugueteria/Figuras de accion/Sets y accesorios,Jugueteria/Juguetes de Bebe/Bloques,Jugueteria/Munecas/Sets y accesorios
Ropa y Zapatos/Maternidad,Ropa y Zapatos/Maternidad,Ropa y Zapatos/Maternidad,Ropa y Zapatos/Maternidad,Ropa y Zapatos/Ninos/Camisetas,Ropa y Zapatos/Ninos/Ropa interior,Ropa y Zapatos/Maternidad,Ropa y Zapatos/Maternidad,Ropa y Zapatos/Ninos/Ropa interior,Ropa y Zapatos/Maternidad,Ropa y Zapatos/Maternidad,Ropa y Zapatos/Maternidad,Ropa y Zapatos/Maternidad,Ropa y Zapatos/Maternidad,Ropa y Zapatos/Maternidad,Ropa y Zapatos/Maternidad,Ropa y Zapatos/Ninas/Bermudas,Ropa y Zapatos/Ninas/Buzos,Deportes/Gimnasio,Ropa y Zapatos/Maternidad
Ropa y Zapatos/Maternidad,Ropa y Zapatos/Maternidad,Ropa y Zapatos/Ninos/Camisetas,Ropa y Zapatos/Maternidad,Ropa y Zapatos/Maternidad,Ropa y Zapatos/Ninos/Ropa interior,Ropa y Zapatos/Maternidad,Ropa y Zapatos/Ninas/Pantalones,Mascotas/Perros/Ropa,Ropa y Zapatos/Ninas/Pantalones,Ropa y Zapatos/Ninas/Buzos,Ropa y Zapatos/Ninos/Pantalones,Ropa y Zapatos/Ninos/Pantalones,Ropa y Zapatos/Maternidad,Ropa y Zapatos/Ninos/Chaquetas,Ropa y Zapatos/Ninas/Chaquetas,Ropa y Zapatos/Ninos/Conjuntos,Ropa y Zapatos/Ninos/Jeans,Belleza/Cuidado Personal/Cuidado de tu salud,Belleza/Cuidado Personal/Cuidado de tu salud
Ropa y Zapatos/Ninas/Conjuntos,Ropa y Zapatos/Ninas/Vestidos y faldas,Ropa y Zapatos/Ninas/Bodies,Ropa y Zapatos/Ninas/Bodies,Ropa y Zapatos/Ninas/Bodies,Ropa y Zapatos/Ninas/Vestidos y faldas,Ropa y Zapatos/Ninos/Camisas,Ropa y Zapatos/Ninas/Camisetas,Ropa y Zapatos/Ninas/Vestidos y faldas,Ropa y Zapatos/Ninas/Vestidos y faldas,Ropa y Zapatos/Ninas/Camisas,Ropa y Zapatos/Ninas/Pantalones,Ropa y Zapatos/Ninas/Camisetas,Ropa y Zapatos/Ninas/Pantalones,Ropa y Zapatos/Ninos/Camisetas,Ropa y Zapatos/Ninas/Vestidos y faldas,Ropa y Zapatos/Ninas/Bodies,Ropa y Zapatos/Ninas/Chaquetas,Ropa y Zapatos/Ninos/Camisas,Ropa y Zapatos/Ninas/Chaquetas
Jugueteria/Munecas/Bebes,Mascotas/Gatos/Juguetes Para Gatos,Alimentos y Bebidas/Salado/Pasabocas,Escolar/Libros,Hogar/Articulos para el hogar/Cocina/Accesorios para Cocina,Jugueteria/Punteria,Jugueteria/Punteria,Escolar/Libros,Jugueteria/Punteria,Mascotas/Gatos/Juguetes Para Gatos,Alimentos y Bebidas/Dulce/Dulces,Jugueteria/Didacticos/Rompecabezas,Jugueteria/Juegos de Rol/Cocina,Alimentos y Bebidas/Dulce/Dulces,Jugueteria/Didacticos/juegos de mesa,Mascotas/Perros/Juguetes Para Perros,Mascotas/Gatos/Rascaderas y Gimnasios,Mascotas/Perros/Juguetes Para Perros,Jugueteria/Didacticos/Rompecabezas,Alimentos y Bebidas/Mundo Saludable/Snacks
Jugueteria/Munecas/Bebes,Jugueteria/Figuras de accion/Figuras,Jugueteria/Vehiculos/Aviones trenes y barcos,Jugueteria/Didacticos/Rompecabezas,Jugueteria/Didacticos/libros Infantiles,Jugueteria/Juguetes de Bebe/Juegos de bebe,Jugueteria/Didacticos/juegos de mesa,Jugueteria/Didacticos/libros Infantiles,Jugueteria/Didacticos/libros Infantiles,Jugueteria/Figuras de accion/Figuras,Jugueteria/Didacticos/libros Infantiles,Jugueteria/Punteria,Jugueteria/Figuras de accion/Figuras,Jugueteria/Vehiculos/Carros,Jugueteria/Didacticos/Bloques,Jugueteria/Peluches/personajes,Jugueteria/Didacticos/libros Infantiles,Jugueteria/Figuras de accion/Figuras Series TV,Jugueteria/Figuras de accion/Figuras,Jugueteria/Vehiculos/Carros
Jugueteria/Didacticos/juegos de mesa,Jugueteria/Juegos de mesa/Infantil,Jugueteria/Didacticos/arte y manualidades,Videojuegos y Consolas/PlayStation/Videojuegos,Jugueteria/Didacticos/juegos de mesa,Videojuegos y Consolas/PlayStation/Videojuegos,Jugueteria/Juegos de Rol/Supermercado,Jugueteria/Didacticos/juegos de mesa,Jugueteria/Figuras de accion/Sets y accesorios,Jugueteria/Vehiculos/Pistas,Jugueteria/Didacticos/juegos de mesa,Jugueteria/Juguetes de Bebe/Juegos de bebe,Videojuegos y Consolas/Xbox/Videojuegos,Jugueteria/Juguetes de Bebe/Bloques,Jugueteria/Juegos de mesa/Familiar,Jugueteria/Didacticos/juegos de mesa,Jugueteria/Juegos de mesa/Familiar,Jugueteria/Didacticos/juegos de mesa,Jugueteria/Didacticos/Rompecabezas,Jugueteria/Figuras de accion/Accesorios
Jugueteria/Didacticos/juegos de mesa,Jugueteria/Juegos de mesa/Infantil,Jugueteria/Didacticos/juegos de mesa,Jugueteria/Didacticos/arte y manualidades,Videojuegos y Consolas/PlayStation/Videojuegos,Videojuegos y Consolas/PlayStation/Videojuegos,Jugueteria/Juegos de Rol/Supermercado,Jugueteria/Didacticos/juegos de mesa,Jugueteria/Juguetes de Bebe/Bloques,Jugueteria/Vehiculos/Pistas,Jugueteria/Didacticos/juegos de mesa,Jugueteria/electricos y montables/triciclos y tres ruedas,Jugueteria/electricos y montables/triciclos y tres ruedas,Videojuegos y Consolas/Xbox/Videojuegos,Jugueteria/Figuras de accion/Sets y accesorios,Jugueteria/Juguetes de Bebe/Juegos de bebe,Jugueteria/Juguetes de Bebe/Didacticos,Jugueteria/Didacticos/Rompecabezas,Jugueteria/Didacticos/Ensenanza,Jugueteria/Didacticos/juegos de mesa
Ropa y Zapatos/Maternidad,Ropa y Zapatos/Maternidad,Ropa y Zapatos/Ninos/Camisetas,Ropa y Zapatos/Maternidad,Ropa y Zapatos/Maternidad,Ropa y Zapatos/Ninos/Ropa interior,Ropa y Zapatos/Maternidad,Ropa y Zapatos/Maternidad,Ropa y Zapatos/Maternidad,Ropa y Zapatos/Maternidad,Ropa y Zapatos/Maternidad,Ropa y Zapatos/Ninas/Conjuntos,Ropa y Zapatos/Ninas/Chaquetas,Ropa y Zapatos/Ninas/Pantalones,Ropa y Zapatos/Ninos/Ropa interior,Deportes/Gimnasio,Ropa y Zapatos/Ninos/Conjuntos,Ropa y Zapatos/Maternidad,Ropa y Zapatos/Maternidad,Ropa y Zapatos/Maternidad
Jugueteria/Figuras de accion/Figuras,Jugueteria/Vehiculos/Aviones trenes y barcos,Jugueteria/Didacticos/Rompecabezas,Jugueteria/Juguetes de Bebe/Juegos de bebe,Jugueteria/Munecas/Bebes,Jugueteria/Didacticos/libros Infantiles,Jugueteria/Figuras de accion/Figuras,Jugueteria/Didacticos/libros Infantiles,Jugueteria/Figuras de accion/Figuras Series TV,Jugueteria/Figuras de accion/Figuras,Jugueteria/Didacticos/juegos de mesa,Jugueteria/Didacticos/libros Infantiles,Jugueteria/Peluches/personajes,Jugueteria/Didacticos/libros Infantiles,Jugueteria/Didacticos/libros Infantiles,Jugueteria/Didacticos/Bloques,Jugueteria/Figuras de accion/Figuras,Jugueteria/Vehiculos/Carros,Jugueteria/Figuras de accion/Figuras Series TV,Jugueteria/Didacticos/libros Infantiles
Hogar/Articulos para el hogar/Cocina/Ollas,Hogar/Articulos para el hogar/Cocina/Ollas,Hogar/Articulos para el hogar/Cocina/Ollas,Hogar/Articulos para el hogar/Cocina/Contenedores y Recipientes,Hogar/Articulos para el hogar/Cocina/Ollas,Hogar/Articulos para el hogar/Cocina/Contenedores y Recipientes,Hogar/Articulos para el hogar/Cocina/Reposteria y Moldes,Hogar/Articulos para el hogar/Cocina/Accesorios para Cocina,Hogar/Articulos para el hogar/Cocina/Accesorios para Cocina,Hogar/Articulos para el hogar/Cocina/Ollas,Hogar/Articulos para el hogar/Cocina/Accesorios para Cocina,Hogar/Articulos para el hogar/Cocina/Ollas,Hogar/Articulos para el hogar/Cocina/Ollas,Electrodomesticos/Electrobelleza/Planchas para el cabello,Hogar/Articulos para el hogar/Cocina/Contenedores y Recipientes,Hogar/Articulos para el hogar/Cocina/Accesorios para Cocina,Hogar/Articulos para el hogar/Cocina/Ollas,Hogar/Articulos para el hogar/Cocina/Sartenes y Woks,Hogar/Articulos para el hogar/Cocina/Ollas,Hogar/Articulos para el hogar/Cocina/Contenedores y Recipientes
Hogar/Articulos para el hogar/Cocina/Ollas,Hogar/Articulos para el hogar/Cocina/Ollas,Hogar/Articulos para el hogar/Cocina/Ollas,Hogar/Articulos para el hogar/Cocina/Contenedores y Recipientes,Hogar/Articulos para el hogar/Cocina/Ollas,Hogar/Articulos para el hogar/Cocina/Accesorios para Cocina,Hogar/Articulos para el hogar/Cocina/Contenedores y Recipientes,Hogar/Articulos para el hogar/Cocina/Ollas,Hogar/Articulos para el hogar/Cocina/Accesorios para Cocina,Hogar/Articulos para el hogar/Cocina/Reposteria y Moldes,Hogar/Articulos para el hogar/Cocina/Ollas,Hogar/Articulos para el hogar/Cocina/Accesorios para Cocina,Hogar/Articulos para el hogar/Cocina/Contenedores y Recipientes,Hogar/Articulos para el hogar/Cocina/Ollas,Electrodomesticos/Electrobelleza/Planchas para el cabello,Hogar/Articulos para el hogar/Cocina/Ollas,Hogar/Articulos para el hogar/Cocina/Sartenes y Woks,Hogar/Articulos para el hogar/Cocina/Ollas,Hogar/Articulos para el hogar/Cocina/Contenedores y Recipientes,Hogar/Articulos para el hogar/Cocina/Accesorios para Cocina
Deportes/Gimnasio,Deportes/Gimnasio,Ropa y Zapatos/Zapatos/Zapatos Mujer,Hogar/Ropa de cama/Edredones y Cubrelechos,Ropa y Zapatos/Zapatos/Zapatos Mujer,Ropa y Zapatos/Zapatos/Zapatos Mujer,Ropa y Zapatos/Zapatos/Zapatos Mujer,Ropa y Zapatos/Zapatos/Zapatos Mujer,Hogar/Ropa de cama/Juegos de Sabanas,Deportes/Accesorios/Soportes y vendas,Hogar/Ropa de cama/Edredones y Cubrelechos,Hogar/Ropa de cama/Edredones y Cubrelechos,Hogar/Ropa de cama/Edredones y Cubrelechos,Hogar/Ropa de cama/Edredones y Cubrelechos,Hogar/Ropa de cama/Edredones y Cubrelechos,Hogar/Ropa de cama/Edredones y Cubrelechos,Hogar/Ropa de cama/Edredones y Cubrelechos,Hogar/Ropa de cama/Edredones y Cubrelechos,Hogar/Ropa de cama/Edredones y Cubrelechos,Hogar/Ropa de cama/Edredones y Cubrelechos
Deportes/Gimnasio,Ropa y Zapatos/Maternidad,Ropa y Zapatos/Maternidad,Ropa y Zapatos/Maternidad,Deportes/Gimnasio,Hogar/Ropa de cama/Edredones y Cubrelechos,Ropa y Zapatos/Maternidad,Ropa y Zapatos/Maternidad,Ropa y Zapatos/Maternidad,Ropa y Zapatos/Maternidad,Hogar/Bano/Toallas,Deportes/Gimnasio,Hogar/Ropa de cama/Protectores y Fundas,Hogar/Ropa de cama/Frazadas Cobijas y mantas,Hogar/Ropa de cama/Frazadas Cobijas y mantas,Hogar/Ropa de cama/Frazadas Cobijas y mantas,Hogar/Ropa de cama/Frazadas Cobijas y mantas,Hogar/Ropa de cama/Juegos de Sabanas,Hogar/Ropa de cama/Juegos de Sabanas,Ropa y Zapatos/Maternidad
Bebes/Alimentacion/Vasos/Boquilla,Bebes/Alimentacion/Teteros y chupos/Chupos para teteros,Bebes/Alimentacion/Teteros y chupos/Teteros,Bebes/Alimentacion/Teteros y chupos/Teteros,Bebes/Alimentacion/Vasos/Boquilla,Bebes/Alimentacion/Vasos/Entrenamiento,Bebes/Salud y seguridad/Llamadientes y mordederas/Mordederas,Jugueteria/Didacticos/arte y manualidades,Bebes/Alimentacion/Vasos/Entrenamiento,Bebes/Salud y seguridad/Salud y bienestar/Aspiradores nasales,Bebes/Bano e Higiene/Bano y cuidado de la piel/Baneras y juguetes de bano,Bebes/Alimentacion/Teteros y chupos/Teteros,Bebes/Salud y seguridad/Salud y bienestar/Aspiradores nasales,Bebes/Alimentacion/Teteros y chupos/Chupos para teteros,Bebes/Alimentacion/Teteros y chupos/Chupos para teteros,Bebes/Alimentacion/Teteros y chupos/Teteros,Bebes/Alimentacion/Teteros y chupos/Chupos de entretenci贸n,Bebes/Alimentacion/Teteros y chupos/Chupos de entretenci贸n,Bebes/Alimentacion/Teteros y chupos/Chupos de entretenci贸n,Bebes/Alimentacion/Sillas de comer/Sillas de comer
Jugueteria/Munecas/Bebes,Jugueteria/Figuras de accion/Figuras,Jugueteria/Vehiculos/Aviones trenes y barcos,Jugueteria/Didacticos/libros Infantiles,Jugueteria/Juguetes de Bebe/Juegos de bebe,Jugueteria/Didacticos/Rompecabezas,Jugueteria/Figuras de accion/Figuras,Jugueteria/Didacticos/libros Infantiles,Jugueteria/Didacticos/libros Infantiles,Jugueteria/Figuras de accion/Figuras,Jugueteria/Peluches/personajes,Jugueteria/Figuras de accion/Figuras Series TV,Jugueteria/Munecas/Bebes,Jugueteria/Figuras de accion/Figuras,Jugueteria/Vehiculos/Carros,Jugueteria/Figuras de accion/Figuras Series TV,Jugueteria/Didacticos/libros Infantiles,Jugueteria/Didacticos/libros Infantiles,Jugueteria/Didacticos/libros Infantiles,Jugueteria/Didacticos/juegos de mesa
Jugueteria/Punteria,Jugueteria/Munecas/Bebes,Mascotas/Gatos/Juguetes Para Gatos,Jugueteria/Didacticos/juegos de mesa,Jugueteria/Punteria,Mascotas/Gatos/Juguetes Para Gatos,Jugueteria/Punteria,Escolar/Libros,Jugueteria/Didacticos/Rompecabezas,Videojuegos y Consolas/Nintendo/Accesorios,Mascotas/Gatos/Juguetes Para Gatos,Jugueteria/Punteria,Deportes/Articulos deportivos/Scooters,Jugueteria/Didacticos/Rompecabezas,Jugueteria/Punteria,Jugueteria/electricos y montables/radiocontrolados,Alimentos y Bebidas/Salado/Pasabocas,Jugueteria/Punteria,Jugueteria/Didacticos/Rompecabezas,Videojuegos y Consolas/PlayStation/Videojuegos
Hogar/Articulos para el hogar/Cocina/Ollas,Hogar/Articulos para el hogar/Cocina/Ollas,Hogar/Articulos para el hogar/Cocina/Ollas,Hogar/Articulos para el hogar/Cocina/Contenedores y Recipientes,Hogar/Articulos para el hogar/Cocina/Ollas,Hogar/Articulos para el hogar/Cocina/Accesorios para Cocina,Hogar/Articulos para el hogar/Cocina/Contenedores y Recipientes,Hogar/Articulos para el hogar/Cocina/Accesorios para Cocina,Hogar/Articulos para el hogar/Cocina/Reposteria y Moldes,Hogar/Articulos para el hogar/Cocina/Ollas,Hogar/Articulos para el hogar/Cocina/Accesorios para Cocina,Hogar/Articulos para el hogar/Cocina/Ollas,Electrodomesticos/Electrobelleza/Planchas para el cabello,Hogar/Articulos para el hogar/Cocina/Contenedores y Recipientes,Hogar/Articulos para el hogar/Cocina/Ollas,Hogar/Articulos para el hogar/Cocina/Sartenes y Woks,Hogar/Articulos para el hogar/Cocina/Ollas,Hogar/Articulos para el hogar/Cocina/Ollas,Hogar/Articulos para el hogar/Cocina/Accesorios para Cocina,Hogar/Articulos para el hogar/Cocina/Contenedores y Recipientes
Jugueteria/Didacticos/juegos de mesa,Jugueteria/Didacticos/juegos de mesa,Jugueteria/Didacticos/arte y manualidades,Jugueteria/Juegos de Rol/Supermercado,Videojuegos y Consolas/PlayStation/Videojuegos,Jugueteria/Juguetes de Bebe/Didacticos,Jugueteria/Juegos de mesa/Infantil,Jugueteria/Juguetes de Bebe/Bloques,Jugueteria/electricos y montables/triciclos y tres ruedas,Jugueteria/electricos y montables/triciclos y tres ruedas,Jugueteria/Juegos de Rol/Cocina,Jugueteria/Didacticos/arte y manualidades,Videojuegos y Consolas/PlayStation/Videojuegos,Jugueteria/Figuras de accion/Sets y accesorios,Jugueteria/Juguetes de Bebe/Juegos de bebe,Jugueteria/Figuras de accion/Accesorios,Jugueteria/Didacticos/Ensenanza,Jugueteria/Didacticos/juegos de mesa,Jugueteria/Didacticos/juegos de mesa,Jugueteria/Didacticos/Rompecabezas
Jugueteria/Didacticos/juegos de mesa,Jugueteria/Didacticos/arte y manualidades,Jugueteria/Juegos de mesa/Infantil,Videojuegos y Consolas/PlayStation/Videojuegos,Jugueteria/Juegos de Rol/Supermercado,Jugueteria/Didacticos/juegos de mesa,Videojuegos y Consolas/PlayStation/Videojuegos,Jugueteria/Figuras de accion/Sets y accesorios,Jugueteria/Juguetes de Bebe/Bloques,Jugueteria/Juguetes de Bebe/Juegos de bebe,Jugueteria/Figuras de accion/Accesorios,Jugueteria/electricos y montables/triciclos y tres ruedas,Jugueteria/electricos y montables/triciclos y tres ruedas,Jugueteria/Didacticos/juegos de mesa,Jugueteria/Didacticos/juegos de mesa,Jugueteria/Didacticos/juegos de mesa,Jugueteria/Vehiculos/Pistas,Jugueteria/Punteria,Jugueteria/juegos de exterior/aire libre,Jugueteria/Didacticos/arte y manualidades
Hogar/Articulos para el hogar/Cocina/Ollas,Hogar/Articulos para el hogar/Cocina/Ollas,Hogar/Articulos para el hogar/Cocina/Ollas,Hogar/Articulos para el hogar/Cocina/Contenedores y Recipientes,Deportes/Gimnasio,Deportes/Gimnasio,Bebes/Alimentacion/Lactancia/Pads lactancia,Hogar/Ropa de cama/Edredones y Cubrelechos,Hogar/Articulos para el hogar/Cocina/Ollas,Bebes/Alimentacion/Lactancia/Solo para mama,Belleza/Cuidado Personal/Cuidado de tu salud,Belleza/Cuidado Personal/Cuidado de tu salud,Belleza/Cuidado Personal/Cuidado de tu salud,Deportes/Gimnasio,Deportes/Gimnasio,Deportes/Gimnasio,Bebes/Alimentacion/Lactancia/Solo para mama,Hogar/Bano/Toallas,Deportes/Gimnasio,Hogar/Bano/Toallas
Jugueteria/Juguetes de Bebe/Didacticos,Jugueteria/Vehiculos/Carros,Jugueteria/Vehiculos/Carros,Jugueteria/Vehiculos/Carros,Jugueteria/Figuras de accion/Figuras,Jugueteria/Juguetes de Bebe/Didacticos,Jugueteria/Juguetes de Bebe/Didacticos,Jugueteria/Figuras de accion/Figuras Series TV,Jugueteria/Juguetes de Bebe/Bloques,Jugueteria/Juguetes de Bebe/Didacticos,Jugueteria/Juguetes de Bebe/Didacticos,Jugueteria/Figuras de accion/Figuras,Jugueteria/Figuras de accion/Figuras,Jugueteria/Vehiculos/Carros,Jugueteria/Vehiculos/Carros,Jugueteria/Peluches/personajes,Jugueteria/Figuras de accion/Figuras,Jugueteria/Figuras de accion/Figuras,Jugueteria/Juguetes de Bebe/Bloques,Jugueteria/Juguetes de Bebe/Didacticos
Mascotas/Perros/Comederos y Bebederos,Mascotas/Perros/Juguetes Para Perros,Mascotas/Perros/Alimentos Para Perros/Snacks,Mascotas/Perros/Comederos y Bebederos,Mascotas/Perros/Comederos y Bebederos,Mascotas/Perros/Comederos y Bebederos,Mascotas/Perros/Comederos y Bebederos,Mascotas/Perros/Comederos y Bebederos,Mascotas/Perros/Comederos y Bebederos,Mascotas/Gatos/Areneras,Mascotas/Perros/Comederos y Bebederos,Mascotas/Perros/Comederos y Bebederos,Videojuegos y Consolas/PlayStation/Accesorios,Mascotas/Perros/Alimentos Para Perros,Mascotas/Perros/Alimentos Para Perros,Videojuegos y Consolas/PlayStation/Accesorios,Belleza/Accesorios belleza/Depiladoras,Mascotas/Perros/Alimentos Para Perros/Snacks,Mascotas/Perros/Alimentos Para Perros/Snacks,Mascotas/Perros/Comederos y Bebederos
Jugueteria/Juegos de mesa/Infantil,Jugueteria/Didacticos/Rompecabezas,Jugueteria/Didacticos/Ensenanza,Jugueteria/Vehiculos/Pistas,Jugueteria/Didacticos/juegos de mesa,Jugueteria/Didacticos/juegos de mesa,Jugueteria/Didacticos/juegos de mesa,Jugueteria/Vehiculos/Carros,Jugueteria/Vehiculos/Carros,Jugueteria/Vehiculos/Pistas,Jugueteria/Figuras de accion/Figuras,Jugueteria/Punteria,Jugueteria/Figuras de accion/Sets y accesorios,Jugueteria/electricos y montables/radiocontrolados,Jugueteria/Vehiculos/Pistas,Jugueteria/Didacticos/Ensenanza,Jugueteria/Vehiculos/Carros,Jugueteria/Vehiculos/Carros,Jugueteria/Vehiculos/Carros,Jugueteria/electricos y montables/radiocontrolados
Jugueteria/Didacticos/juegos de mesa,Jugueteria/Didacticos/juegos de mesa,Videojuegos y Consolas/PlayStation/Videojuegos,Jugueteria/Didacticos/Ensenanza,Jugueteria/Didacticos/juegos de mesa,Jugueteria/electricos y montables/triciclos y tres ruedas,Jugueteria/electricos y montables/triciclos y tres ruedas,Jugueteria/Juguetes de Bebe/Bloques,Jugueteria/Juegos de Rol/Cocina,Jugueteria/Figuras de accion/Figuras Series TV,Jugueteria/Didacticos/Ensenanza,Jugueteria/Punteria,Deportes/Articulos deportivos/Scooters,Jugueteria/Didacticos/arte y manualidades,Escolar/Loncheras,Jugueteria/Didacticos/Ensenanza,Jugueteria/Juguetes de Bebe/Didacticos,Videojuegos y Consolas/PlayStation/Videojuegos,Jugueteria/Juegos de Rol/Supermercado,Jugueteria/Punteria
Mascotas/Perros/Correas collares y arnes,Ropa y Zapatos/Maternidad,Ropa y Zapatos/Zapatos/Zapatos Ninas,Mascotas/Perros/Correas collares y arnes,Mascotas/Perros/Correas collares y arnes,Mascotas/Perros/Correas collares y arnes,Ropa y Zapatos/Maternidad,Ropa y Zapatos/Maternidad,Ropa y Zapatos/Maternidad,Bebes/Bano e Higiene/Panaleras y cambiadores/Cambiadores,Bebes/Sillas para carro/Grupo 0 1 y 2,Mascotas/Perros/Correas collares y arnes,Mascotas/Perros/Correas collares y arnes,Mascotas/Perros/Correas collares y arnes,Mascotas/Perros/Correas collares y arnes,Mascotas/Perros/Correas collares y arnes,Ropa y Zapatos/Maternidad,Ropa y Zapatos/Maternidad,Ropa y Zapatos/Zapatos/Zapatos Mujer,Ropa y Zapatos/Zapatos/Zapatos Hombre
Jugueteria/Munecas/Bebes,Jugueteria/Didacticos/libros Infantiles,Ropa y Zapatos/Ninas/Camisas,Jugueteria/Didacticos/libros Infantiles,Jugueteria/Munecas/Bebes,Jugueteria/Figuras de accion/Figuras,Jugueteria/Munecas/Bebes,Jugueteria/Vehiculos/Aviones trenes y barcos,Jugueteria/Peluches/personajes,Jugueteria/Figuras de accion/Figuras,Jugueteria/Figuras de accion/Figuras,Ropa y Zapatos/Ninos/Camisetas,Jugueteria/Juguetes de Bebe/Juegos de bebe,Ropa y Zapatos/Ninos/Camisetas,Jugueteria/Figuras de accion/Figuras Series TV,Jugueteria/Didacticos/libros Infantiles,Jugueteria/Figuras de accion/Figuras,Jugueteria/Didacticos/Rompecabezas,Ropa y Zapatos/Ninos/Chaquetas,Jugueteria/Figuras de accion/Super Heroes
Jugueteria/Didacticos/juegos de mesa,Deportes/Articulos deportivos/Scooters,Jugueteria/Didacticos/Ensenanza,Jugueteria/Didacticos/Ensenanza,Jugueteria/Didacticos/juegos de mesa,Mascotas/Gatos/Juguetes Para Gatos,Jugueteria/Didacticos/Rompecabezas,Jugueteria/Didacticos/juegos de mesa,Jugueteria/Didacticos/Rompecabezas,Alimentos y Bebidas/Dulce/Dulces,Escolar/Libros,Escolar/Libros,Jugueteria/Didacticos/Rompecabezas,Jugueteria/Didacticos/juegos de mesa,Mascotas/Gatos/Juguetes Para Gatos,Jugueteria/Punteria,Jugueteria/Didacticos/Ensenanza,Escolar/Libros,Jugueteria/Didacticos/juegos de mesa,Jugueteria/Punteria
Hogar/Articulos para el hogar/Cocina/Contenedores y Recipientes,Hogar/Articulos para el hogar/Cocina/Ollas,Hogar/Articulos para el hogar/Cocina/Ollas,Hogar/Articulos para el hogar/Cocina/Ollas,Hogar/Articulos para el hogar/Cocina/Accesorios para Cocina,Ropa y Zapatos/Zapatos/Zapatos Mujer,Hogar/Articulos para el hogar/Cocina/Ollas,Dormitorio/Colchones/King,Dormitorio/Colchones/Sencillo,Hogar/Ropa de cama/Juegos de Sabanas,Hogar/Ropa de cama/Juegos de Sabanas,Hogar/Ropa de cama/Juegos de Sabanas,Hogar/Ropa de cama/Juegos de Sabanas,Hogar/Ropa de cama/Juegos de Sabanas,Hogar/Ropa de cama/Juegos de Sabanas,Hogar/Ropa de cama/Juegos de Sabanas,Hogar/Ropa de cama/Juegos de Sabanas,Hogar/Ropa de cama/Juegos de Sabanas,Hogar/Ropa de cama/Juegos de Sabanas,Hogar/Ropa de cama/Juegos de Sabanas
Jugueteria/Didacticos/Rompecabezas,Jugueteria/Juegos de mesa/Infantil,Jugueteria/Didacticos/Rompecabezas,Jugueteria/Didacticos/juegos de mesa,Jugueteria/Punteria,Jugueteria/Vehiculos/Carros,Videojuegos y Consolas/Xbox/Videojuegos,Jugueteria/Figuras de accion/Figuras,Jugueteria/Didacticos/juegos de mesa,Jugueteria/Didacticos/Ensenanza,Jugueteria/Figuras de accion/Sets y accesorios,Jugueteria/Juegos de mesa/Infantil,Jugueteria/Vehiculos/Pistas,Jugueteria/Vehiculos/Aviones trenes y barcos,Jugueteria/Didacticos/Rompecabezas,Jugueteria/Figuras de accion/Figuras,Jugueteria/Didacticos/libros Infantiles,Jugueteria/Vehiculos/Carros,Jugueteria/Vehiculos/Carros,Jugueteria/Didacticos/juegos de mesa
Ropa y Zapatos/Ninas/Vestidos y faldas,Ropa y Zapatos/Ninos/Pijamas,Ropa y Zapatos/Ninas/Vestidos y faldas,Ropa y Zapatos/Ninas/Pijamas,Ropa y Zapatos/Ninas/Conjuntos,Ropa y Zapatos/Ninas/Bodies,Ropa y Zapatos/Ninas/Vestidos y faldas,Ropa y Zapatos/Ninos/Camisetas,Ropa y Zapatos/Ninos/Pijamas,Ropa y Zapatos/Ninas/Bodies,Ropa y Zapatos/Ninas/Camisas,Ropa y Zapatos/Ninos/Bodies,Ropa y Zapatos/Ninas/Vestidos y faldas,Ropa y Zapatos/Ninas/Pantalones,Ropa y Zapatos/Ninos/Pijamas,Ropa y Zapatos/Ninas/Bodies,Ropa y Zapatos/Ninas/Bodies,Ropa y Zapatos/Ninas/Bodies,Ropa y Zapatos/Ninas/Bodies,Ropa y Zapatos/Ninos/Bodies
Ropa y Zapatos/Ninas/Pijamas,Ropa y Zapatos/Ninas/Vestidos y faldas,Ropa y Zapatos/Ninas/Vestidos y faldas,Ropa y Zapatos/Ninas/Conjuntos,Ropa y Zapatos/Ninas/Pantalones,Ropa y Zapatos/Ninos/Camisetas,Ropa y Zapatos/Ninas/Vestidos y faldas,Ropa y Zapatos/Ninos/Conjuntos,Ropa y Zapatos/Ninos/Conjuntos,Ropa y Zapatos/Ninas/Pijamas,Ropa y Zapatos/Ninas/Camisetas,Ropa y Zapatos/Ninos/Bodies,Ropa y Zapatos/Ninos/Pijamas,Ropa y Zapatos/Ninas/Conjuntos,Ropa y Zapatos/Ninos/Camisetas,Ropa y Zapatos/Ninos/Camisetas,Ropa y Zapatos/Ninos/Camisetas,Jugueteria/Munecas/Bebes,Ropa y Zapatos/Ninas/Pijamas,Ropa y Zapatos/Ninas/Camisetas
Jugueteria/Didacticos/juegos de mesa,Jugueteria/Didacticos/Ensenanza,Jugueteria/Didacticos/juegos de mesa,Jugueteria/Juegos de Rol/Cocina,Escolar/Libros,Jugueteria/Juegos de mesa/Familiar,Jugueteria/Juguetes de Bebe/Didacticos,Jugueteria/Juguetes de Bebe/Didacticos,Jugueteria/Figuras de accion/Figuras Series TV,Jugueteria/Juguetes de Bebe/Bloques,Mascotas/Gatos/Juguetes Para Gatos,Jugueteria/Didacticos/Rompecabezas,Jugueteria/Didacticos/Rompecabezas,Jugueteria/Didacticos/Ensenanza,Jugueteria/Juegos de mesa/Infantil,Jugueteria/electricos y montables/triciclos y tres ruedas,Jugueteria/electricos y montables/triciclos y tres ruedas,Jugueteria/Didacticos/Ensenanza,Deportes/Articulos deportivos/Scooters,Jugueteria/Didacticos/arte y manualidades
Ropa y Zapatos/Maternidad,Ropa y Zapatos/Maternidad,Ropa y Zapatos/Maternidad,Ropa y Zapatos/Maternidad,Ropa y Zapatos/Maternidad,Ropa y Zapatos/Maternidad,Ropa y Zapatos/Maternidad,Ropa y Zapatos/Maternidad,Deportes/Gimnasio,Ropa y Zapatos/Maternidad,Bebes/Alimentacion/Lactancia/Solo para mama,Ropa y Zapatos/Maternidad,Bebes/Alimentacion/Lactancia/Solo para mama,Ropa y Zapatos/Maternidad,Ropa y Zapatos/Maternidad,Ropa y Zapatos/Maternidad,Ropa y Zapatos/Maternidad,Ropa y Zapatos/Maternidad,Ropa y Zapatos/Maternidad,Hogar/Bano/Toallas
Jugueteria/Juegos de mesa/Infantil,Jugueteria/Didacticos/Rompecabezas,Jugueteria/Didacticos/Ensenanza,Jugueteria/Didacticos/juegos de mesa,Jugueteria/Didacticos/Rompecabezas,Jugueteria/Didacticos/juegos de mesa,Jugueteria/Punteria,Jugueteria/Rompecabezas,Jugueteria/Didacticos/juegos de mesa,Jugueteria/Didacticos/Ensenanza,Jugueteria/Vehiculos/Carros,Jugueteria/Didacticos/juegos de mesa,Jugueteria/Figuras de accion/Figuras,Jugueteria/Vehiculos/Carros,Jugueteria/Didacticos/juegos de mesa,Jugueteria/Didacticos/juegos de mesa,Jugueteria/Juegos de mesa/Infantil,Jugueteria/Vehiculos/Pistas,Jugueteria/Vehiculos/Carros,Jugueteria/Vehiculos/Carros
Bebes/Bano e Higiene/Bano y cuidado de la piel/Baneras y juguetes de bano,Bebes/Bano e Higiene/Bano y cuidado de la piel/Baneras y juguetes de bano,Bebes/Cuarto del bebe/Corrales,Bebes/Bano e Higiene/Bano y cuidado de la piel/Baneras y juguetes de bano,Bebes/Alimentacion/Platos y utensilios,Bebes/Alimentacion/Sillas de comer/Sillas de comer,Ropa y Zapatos/Ninas/Vestidos y faldas,Mascotas/Perros/Camas colchonetas y tapetes,Mascotas/Perros/Camas colchonetas y tapetes,Bebes/Cuarto del bebe/Corrales,Bebes/Cuarto del bebe/Corrales,Bebes/Bano e Higiene/Bano y cuidado de la piel/Baneras y juguetes de bano,Bebes/Cuarto del bebe/Corrales,Bebes/Alimentacion/Baberos y toallas,Bebes/Alimentacion/Baberos y toallas,Bebes/Alimentacion/Baberos y toallas,Jugueteria/Didacticos/Ensenanza,Bebes/Alimentacion/Baberos y toallas,Bebes/Alimentacion/Teteros y chupos/Chupos de entretenci贸n,Bebes/Alimentacion/Baberos y toallas
Jugueteria/Munecas/Bebes,Ropa y Zapatos/Ninas/Pijamas,Ropa y Zapatos/Ninas/Vestidos y faldas,Ropa y Zapatos/Ninas/Vestidos y faldas,Ropa y Zapatos/Ninas/Camisas,Ropa y Zapatos/Ninas/Conjuntos,Ropa y Zapatos/Ninos/Camisetas,Ropa y Zapatos/Ninas/Pantalones,Ropa y Zapatos/Ninas/Camisetas,Ropa y Zapatos/Ninos/Bodies,Ropa y Zapatos/Ninos/Pijamas,Ropa y Zapatos/Ninas/Vestidos y faldas,Ropa y Zapatos/Ninos/Conjuntos,Ropa y Zapatos/Ninos/Conjuntos,Ropa y Zapatos/Ninos/Camisetas,Ropa y Zapatos/Ninas/Bodies,Ropa y Zapatos/Ninas/Pijamas,Ropa y Zapatos/Ninos/Camisetas,Ropa y Zapatos/Ninos/Camisetas,Ropa y Zapatos/Ninos/Camisetas
Jugueteria/Figuras de accion/Figuras,Jugueteria/Vehiculos/Aviones trenes y barcos,Jugueteria/Didacticos/Rompecabezas,Jugueteria/Juguetes de Bebe/Juegos de bebe,Jugueteria/Didacticos/libros Infantiles,Jugueteria/Didacticos/juegos de mesa,Jugueteria/Didacticos/libros Infantiles,Jugueteria/Figuras de accion/Figuras,Jugueteria/Punteria,Jugueteria/Didacticos/libros Infantiles,Jugueteria/Didacticos/libros Infantiles,Jugueteria/Didacticos/Bloques,Jugueteria/Vehiculos/Carros,Jugueteria/Vehiculos/Carros,Jugueteria/Figuras de accion/Figuras Series TV,Jugueteria/Figuras de accion/Figuras,Jugueteria/Peluches/personajes,Jugueteria/Figuras de accion/Figuras Series TV,Jugueteria/Figuras de accion/Figuras,Jugueteria/Figuras de accion/Figuras
Jugueteria/Figuras de accion/Figuras,Jugueteria/Didacticos/Rompecabezas,Jugueteria/Didacticos/juegos de mesa,Jugueteria/Punteria,Jugueteria/Didacticos/libros Infantiles,Jugueteria/Vehiculos/Aviones trenes y barcos,Jugueteria/Juguetes de Bebe/Juegos de bebe,Jugueteria/Didacticos/libros Infantiles,Jugueteria/Vehiculos/Carros,Jugueteria/Didacticos/libros Infantiles,Jugueteria/Didacticos/libros Infantiles,Jugueteria/Didacticos/Bloques,Jugueteria/Figuras de accion/Figuras,Jugueteria/Figuras de accion/Figuras,Jugueteria/Juguetes de Bebe/Bloques,Jugueteria/Vehiculos/Pistas,Jugueteria/Vehiculos/Carros,Jugueteria/Didacticos/Rompecabezas,Jugueteria/Figuras de accion/Figuras Series TV,Jugueteria/Juguetes de Bebe/Bloques
Jugueteria/Punteria,Mascotas/Gatos/Juguetes Para Gatos,Alimentos y Bebidas/Salado/Pasabocas,Jugueteria/Munecas/Bebes,Jugueteria/Punteria,Jugueteria/Punteria,Hogar/Articulos para el hogar/Cocina/Accesorios para Cocina,Alimentos y Bebidas/Dulce/Dulces,Mascotas/Gatos/Juguetes Para Gatos,Escolar/Libros,Alimentos y Bebidas/Salado/Pasabocas,Mascotas/Perros/Juguetes Para Perros,Jugueteria/Juegos de Rol/Cocina,Escolar/Libros,Alimentos y Bebidas/Dulce/Dulces,Jugueteria/Didacticos/Rompecabezas,Jugueteria/Didacticos/juegos de mesa,Bebes/Alimentacion/Vasos/Entrenamiento,Mascotas/Perros/Juguetes Para Perros,Alimentos y Bebidas/Salado/Snacks
Hogar/Articulos para el hogar/Cocina/Ollas,Hogar/Articulos para el hogar/Cocina/Ollas,Hogar/Articulos para el hogar/Cocina/Ollas,Hogar/Articulos para el hogar/Cocina/Contenedores y Recipientes,Hogar/Articulos para el hogar/Cocina/Accesorios para Cocina,Hogar/Articulos para el hogar/Cocina/Ollas,Hogar/Articulos para el hogar/Cocina/Contenedores y Recipientes,Hogar/Articulos para el hogar/Cocina/Ollas,Hogar/Articulos para el hogar/Cocina/Reposteria y Moldes,Hogar/Articulos para el hogar/Cocina/Accesorios para Cocina,Hogar/Articulos para el hogar/Cocina/Ollas,Hogar/Articulos para el hogar/Cocina/Contenedores y Recipientes,Hogar/Articulos para el hogar/Cocina/Accesorios para Cocina,Hogar/Articulos para el hogar/Cocina/Ollas,Hogar/Articulos para el hogar/Cocina/Ollas,Electrodomesticos/Electrobelleza/Planchas para el cabello,Hogar/Articulos para el hogar/Cocina/Contenedores y Recipientes,Hogar/Articulos para el hogar/Cocina/Ollas,Hogar/Articulos para el hogar/Cocina/Accesorios para Cocina,Hogar/Articulos para el hogar/Cocina/Sartenes y Woks
Escolar/Libros,Jugueteria/Juegos de Rol/Cocina,Electrodomesticos/electromenor/Licuadoras,Alimentos y Bebidas/Dulce/Dulces,Alimentos y Bebidas/Mundo Saludable/Snacks,Electrodomesticos/electromenor/Licuadoras,Escolar/Libros,Electrodomesticos/Asadores/Asadores a Gas,Escolar/Libros,Alimentos y Bebidas/Salado/Pasabocas,Jugueteria/Didacticos/Rompecabezas,Electrodomesticos/electromenor/Licuadoras,Jugueteria/Punteria,Hogar/Articulos para el hogar/Cocina/Accesorios para Cocina,Hogar/Articulos para el hogar/Cocina/Ollas,Hogar/Articulos para el hogar/Cocina/Ollas,Hogar/Articulos para el hogar/Cocina/Ollas,Jugueteria/Munecas/Bebes,Hogar/Articulos para el hogar/Cocina/Reposteria y Moldes,Alimentos y Bebidas/Bebidas/Te e infusores
Jugueteria/Figuras de accion/Figuras,Jugueteria/Punteria,Jugueteria/Didacticos/juegos de mesa,Jugueteria/Didacticos/Rompecabezas,Jugueteria/Vehiculos/Carros,Jugueteria/Didacticos/Rompecabezas,Jugueteria/Didacticos/libros Infantiles,Jugueteria/Figuras de accion/Figuras,Jugueteria/Vehiculos/Aviones trenes y barcos,Jugueteria/Vehiculos/Pistas,Jugueteria/Vehiculos/Carros,Jugueteria/Juegos de mesa/Infantil,Jugueteria/Figuras de accion/Figuras,Jugueteria/Figuras de accion/Sets y accesorios,Jugueteria/Didacticos/libros Infantiles,Jugueteria/Didacticos/libros Infantiles,Jugueteria/Juguetes de Bebe/Bloques,Jugueteria/Juguetes de Bebe/Juegos de bebe,Jugueteria/Didacticos/Rompecabezas,Jugueteria/Juguetes de Bebe/Bloques
Mascotas/Gatos/Juguetes Para Gatos,Jugueteria/Punteria,Jugueteria/Punteria,Jugueteria/Munecas/Bebes,Mascotas/Gatos/Juguetes Para Gatos,Jugueteria/Punteria,Alimentos y Bebidas/Salado/Pasabocas,Hogar/Articulos para el hogar/Cocina/Accesorios para Cocina,Mascotas/Perros/Juguetes Para Perros,Mascotas/Perros/Juguetes Para Perros,Alimentos y Bebidas/Dulce/Dulces,Escolar/Libros,Mascotas/Perros/Juguetes Para Perros,Mascotas/Perros/Comederos y Bebederos,Bebes/Alimentacion/Vasos/Entrenamiento,Escolar/Libros,Mascotas/Gatos/Rascaderas y Gimnasios,Alimentos y Bebidas/Salado/Pasabocas,Alimentos y Bebidas/Dulce/Dulces,Mascotas/Gatos/Comederos y Bebederos
Jugueteria/Didacticos/juegos de mesa,Jugueteria/Didacticos/juegos de mesa,Jugueteria/Didacticos/Ensenanza,Jugueteria/Didacticos/juegos de mesa,Escolar/Libros,Jugueteria/Juguetes de Bebe/Didacticos,Jugueteria/Juguetes de Bebe/Bloques,Videojuegos y Consolas/PlayStation/Videojuegos,Jugueteria/Juegos de Rol/Cocina,Jugueteria/electricos y montables/triciclos y tres ruedas,Jugueteria/electricos y montables/triciclos y tres ruedas,Jugueteria/Didacticos/Ensenanza,Jugueteria/Didacticos/Rompecabezas,Jugueteria/Figuras de accion/Figuras Series TV,Jugueteria/Juguetes de Bebe/Didacticos,Jugueteria/Juguetes de Bebe/Bloques,Jugueteria/Didacticos/arte y manualidades,Jugueteria/Juegos de mesa/Familiar,Escolar/Loncheras,Jugueteria/Didacticos/juegos de mesa
Ropa y Zapatos/Maternidad,Ropa y Zapatos/Maternidad,Ropa y Zapatos/Maternidad,Ropa y Zapatos/Maternidad,Ropa y Zapatos/Maternidad,Ropa y Zapatos/Ninos/Ropa interior,Ropa y Zapatos/Ninos/Ropa interior,Ropa y Zapatos/Maternidad,Ropa y Zapatos/Maternidad,Deportes/Gimnasio,Ropa y Zapatos/Maternidad,Ropa y Zapatos/Maternidad,Ropa y Zapatos/Maternidad,Deportes/Gimnasio,Ropa y Zapatos/Maternidad,Ropa y Zapatos/Maternidad,Ropa y Zapatos/Zapatos/Zapatos Ninas,Bebes/Alimentacion/Lactancia/Solo para mama,Ropa y Zapatos/Maternidad,Ropa y Zapatos/Maternidad
Jugueteria/Juegos de mesa/Infantil,Jugueteria/Didacticos/juegos de mesa,Jugueteria/Didacticos/juegos de mesa,Videojuegos y Consolas/PlayStation/Videojuegos,Jugueteria/Didacticos/arte y manualidades,Jugueteria/Didacticos/juegos de mesa,Videojuegos y Consolas/PlayStation/Videojuegos,Jugueteria/Didacticos/juegos de mesa,Videojuegos y Consolas/Xbox/Videojuegos,Jugueteria/Vehiculos/Pistas,Jugueteria/Didacticos/juegos de mesa,Jugueteria/Juegos de Rol/Supermercado,Jugueteria/Didacticos/Rompecabezas,Jugueteria/Didacticos/juegos de mesa,Jugueteria/Juegos de mesa/Familiar,Jugueteria/Figuras de accion/Sets y accesorios,Jugueteria/Vehiculos/Pistas,Jugueteria/Vehiculos/Pistas,Jugueteria/Juguetes de Bebe/Bloques,Jugueteria/Juegos de mesa/Familiar
Jugueteria/Juguetes de Bebe/Didacticos,Jugueteria/Juguetes de Bebe/Didacticos,Jugueteria/Vehiculos/Pistas,Jugueteria/Figuras de accion/Figuras,Jugueteria/Vehiculos/Carros,Jugueteria/Juguetes de Bebe/Bloques,Jugueteria/Vehiculos/Carros,Deportes/Articulos deportivos/Patinaje,Jugueteria/Juguetes de Bebe/Didacticos,Jugueteria/Juguetes de Bebe/Didacticos,Jugueteria/Vehiculos/Carros,Jugueteria/Figuras de accion/Figuras,Jugueteria/Vehiculos/Carros,Jugueteria/Juguetes de Bebe/Didacticos,Jugueteria/Juguetes de Bebe/Didacticos,Jugueteria/juegos de exterior/patinetas y patines,Jugueteria/juegos de exterior/patinetas y patines,Jugueteria/Vehiculos/Pistas,Jugueteria/Vehiculos/Pistas,Jugueteria/Vehiculos/Carros
Jugueteria/Didacticos/juegos de mesa,Jugueteria/electricos y montables/triciclos y tres ruedas,Jugueteria/electricos y montables/triciclos y tres ruedas,Videojuegos y Consolas/PlayStation/Videojuegos,Jugueteria/Figuras de accion/Figuras Series TV,Jugueteria/Didacticos/juegos de mesa,Jugueteria/Didacticos/Ensenanza,Jugueteria/Punteria,Escolar/Loncheras,Jugueteria/Juegos de Rol/Cocina,Jugueteria/Juguetes de Bebe/Bloques,Jugueteria/Didacticos/juegos de mesa,Jugueteria/electricos y montables/montables,Deportes/Articulos deportivos/Scooters,Jugueteria/Didacticos/Ensenanza,Jugueteria/Didacticos/Ensenanza,Jugueteria/Didacticos/arte y manualidades,Mascotas/Perros/Juguetes Para Perros,Jugueteria/Vehiculos/Pistas,Jugueteria/Didacticos/Rompecabezas
Jugueteria/Didacticos/arte y manualidades,Jugueteria/Juegos de mesa/Infantil,Jugueteria/Didacticos/juegos de mesa,Videojuegos y Consolas/PlayStation/Videojuegos,Jugueteria/Juegos de Rol/Supermercado,Jugueteria/Didacticos/juegos de mesa,Jugueteria/Didacticos/juegos de mesa,Jugueteria/Figuras de accion/Sets y accesorios,Jugueteria/Didacticos/juegos de mesa,Jugueteria/Juegos de mesa/Familiar,Jugueteria/Juguetes de Bebe/Juegos de bebe,Jugueteria/Vehiculos/Pistas,Videojuegos y Consolas/Xbox/Videojuegos,Jugueteria/Juegos de mesa/Familiar,Videojuegos y Consolas/PlayStation/Videojuegos,Jugueteria/Didacticos/Rompecabezas,Jugueteria/Didacticos/juegos de mesa,Jugueteria/Didacticos/juegos de mesa,Jugueteria/Didacticos/juegos de mesa,Jugueteria/juguetes de rol/musicales
Jugueteria/Figuras de accion/Figuras,Jugueteria/Vehiculos/Aviones trenes y barcos,Jugueteria/Didacticos/Rompecabezas,Jugueteria/Munecas/Bebes,Jugueteria/Juguetes de Bebe/Juegos de bebe,Jugueteria/Didacticos/libros Infantiles,Jugueteria/Figuras de accion/Figuras,Jugueteria/Didacticos/juegos de mesa,Jugueteria/Figuras de accion/Figuras,Jugueteria/Peluches/personajes,Jugueteria/Figuras de accion/Figuras Series TV,Jugueteria/Didacticos/libros Infantiles,Jugueteria/Didacticos/libros Infantiles,Jugueteria/Vehiculos/Carros,Jugueteria/Didacticos/Bloques,Jugueteria/Didacticos/libros Infantiles,Jugueteria/Didacticos/libros Infantiles,Jugueteria/Figuras de accion/Figuras,Jugueteria/Punteria,Jugueteria/Figuras de accion/Figuras Series TV
Jugueteria/Juegos de mesa/Infantil,Jugueteria/Didacticos/juegos de mesa,Jugueteria/Didacticos/juegos de mesa,Jugueteria/Didacticos/Rompecabezas,Jugueteria/Didacticos/juegos de mesa,Videojuegos y Consolas/PlayStation/Videojuegos,Jugueteria/Juegos de mesa/Familiar,Jugueteria/Didacticos/juegos de mesa,Jugueteria/Didacticos/arte y manualidades,Jugueteria/Vehiculos/Pistas,Jugueteria/Didacticos/juegos de mesa,Jugueteria/Didacticos/Rompecabezas,Jugueteria/Didacticos/juegos de mesa,Jugueteria/Figuras de accion/Sets y accesorios,Jugueteria/Didacticos/Ensenanza,Jugueteria/Didacticos/Ensenanza,Jugueteria/Vehiculos/Pistas,Jugueteria/Vehiculos/Pistas,Jugueteria/Didacticos/juegos de mesa,Jugueteria/Didacticos/juegos de mesa
Ropa y Zapatos/Zapatos/Zapatos Hombre,Ropa y Zapatos/Zapatos/Zapatos Mujer,Ropa y Zapatos/Zapatos/Zapatos Mujer,Ropa y Zapatos/Zapatos/Zapatos Hombre,Deportes/Articulos deportivos/Natacion,Ropa y Zapatos/Zapatos/Zapatos Mujer,Deportes/Gimnasio,Deportes/Gimnasio,Belleza/Relojes,Deportes/Gimnasio,Escolar/Morrales y tulas,Deportes/Gimnasio,Deportes/Accesorios/otros,Deportes/Gimnasio,Ropa y Zapatos/Adultos/Ropa Mujer,Belleza/Relojes/Relojes Hombre,Escolar/Morrales y tulas,Belleza/Relojes,Ropa y Zapatos/Zapatos/Zapatos Mujer,Ropa y Zapatos/Zapatos/Zapatos Hombre
Hogar/Articulos para el hogar/Cocina/Ollas,Hogar/Articulos para el hogar/Cocina/Ollas,Hogar/Articulos para el hogar/Cocina/Ollas,Hogar/Articulos para el hogar/Cocina/Contenedores y Recipientes,Hogar/Articulos para el hogar/Cocina/Ollas,Hogar/Articulos para el hogar/Cocina/Contenedores y Recipientes,Jugueteria/Punteria,Hogar/Articulos para el hogar/Cocina/Accesorios para Cocina,Hogar/Articulos para el hogar/Cocina/Reposteria y Moldes,Hogar/Articulos para el hogar/Cocina/Ollas,Tecnologia/Hogar Inteligente/Cerraduras inteligentes,Bebes/Alimentacion/Teteros y chupos/Calentadores y esterilizadores,Bebes/Alimentacion/Vasos,Bebes/Alimentacion/Vasos,Alimentos y Bebidas/Dulce/Galletas,Hogar/Articulos para el hogar/Cocina/Contenedores y Recipientes,Alimentos y Bebidas/Dulce/Galletas,Videojuegos y Consolas/PlayStation/Accesorios,Hogar/Articulos para el hogar/Cocina/Accesorios para Cocina,Hogar/Bano/Accesorios de Bano
Mascotas/Perros/Juguetes Para Perros,Jugueteria/Punteria,Jugueteria/juguetes de rol/musicales,Jugueteria/Figuras de accion/Accesorios,Jugueteria/Figuras de accion/Accesorios,Jugueteria/Figuras de accion/Accesorios,Jugueteria/juegos de exterior/aire libre,Mascotas/Gatos/Juguetes Para Gatos,Hogar/Articulos para el hogar/Cocina/Contenedores y Recipientes,Jugueteria/juguetes de rol/musicales,Jugueteria/juegos de exterior/juegos de agua,Jugueteria/Didacticos/arte y manualidades,Mascotas/Gatos/Juguetes Para Gatos,Jugueteria/Juegos de Rol/Cocina,Jugueteria/Punteria,Hogar/accesorios/Termos,Mascotas/Gatos/Juguetes Para Gatos,Mascotas/Gatos/Juguetes Para Gatos,Mascotas/Gatos/Juguetes Para Gatos,Mascotas/Gatos/Juguetes Para Gatos
Jugueteria/Figuras de accion/Figuras,Jugueteria/Didacticos/Rompecabezas,Jugueteria/Vehiculos/Aviones trenes y barcos,Jugueteria/Didacticos/libros Infantiles,Jugueteria/Juguetes de Bebe/Juegos de bebe,Jugueteria/Didacticos/juegos de mesa,Jugueteria/Didacticos/libros Infantiles,Jugueteria/Punteria,Jugueteria/Didacticos/libros Infantiles,Jugueteria/Didacticos/libros Infantiles,Jugueteria/Figuras de accion/Figuras,Jugueteria/Didacticos/Bloques,Jugueteria/Munecas/Bebes,Jugueteria/Vehiculos/Carros,Jugueteria/Figuras de accion/Figuras Series TV,Jugueteria/Vehiculos/Carros,Jugueteria/Figuras de accion/Figuras,Jugueteria/Figuras de accion/Figuras Series TV,Jugueteria/Peluches/personajes,Jugueteria/Figuras de accion/Figuras
Jugueteria/Juegos de mesa/Infantil,Jugueteria/Didacticos/Rompecabezas,Jugueteria/Figuras de accion/Figuras,Jugueteria/Didacticos/Rompecabezas,Jugueteria/Didacticos/juegos de mesa,Jugueteria/Vehiculos/Carros,Jugueteria/Punteria,Jugueteria/Didacticos/juegos de mesa,Jugueteria/Didacticos/Ensenanza,Jugueteria/Figuras de accion/Figuras,Jugueteria/Vehiculos/Pistas,Jugueteria/Vehiculos/Aviones trenes y barcos,Jugueteria/Juegos de mesa/Infantil,Videojuegos y Consolas/Xbox/Videojuegos,Jugueteria/Figuras de accion/Sets y accesorios,Jugueteria/Didacticos/juegos de mesa,Jugueteria/Didacticos/Rompecabezas,Jugueteria/Vehiculos/Carros,Jugueteria/Vehiculos/Carros,Jugueteria/Didacticos/juegos de mesa
Ropa y Zapatos/Ninas/Pijamas,Ropa y Zapatos/Ninas/Vestidos y faldas,Jugueteria/Munecas/Bebes,Ropa y Zapatos/Ninas/Conjuntos,Ropa y Zapatos/Ninas/Vestidos y faldas,Ropa y Zapatos/Ninos/Camisetas,Ropa y Zapatos/Ninas/Bodies,Ropa y Zapatos/Ninas/Camisetas,Ropa y Zapatos/Ninas/Vestidos y faldas,Ropa y Zapatos/Ninos/Camisetas,Ropa y Zapatos/Ninos/Pijamas,Ropa y Zapatos/Ninas/Bodies,Ropa y Zapatos/Ninas/Camisas,Ropa y Zapatos/Ninas/Bodies,Ropa y Zapatos/Ninas/Bodies,Ropa y Zapatos/Ninas/Pantalones,Ropa y Zapatos/Ninas/Bodies,Ropa y Zapatos/Ninas/Vestidos y faldas,Ropa y Zapatos/Ninas/Mamelucos,Ropa y Zapatos/Ninos/Bodies
Mascotas/Perros/Comederos y Bebederos,Mascotas/Perros/Comederos y Bebederos,Hogar/Limpieza para el Hogar/Limpiadores,Mascotas/Gatos/Areneras,Deportes/Accesorios/otros,Mascotas/Perros/Comederos y Bebederos,Mascotas/Perros/Guacales y Casas,Mascotas/Perros/Comederos y Bebederos,Hogar/Maletas de viaje/Mochilas,Mascotas/Perros/Guacales y Casas,Muebles/Muebles de Sala/Sillas Reclinables,Muebles/Muebles de Sala/Sillas Reclinables,Mascotas/Gatos/Areneras,Hogar/Maletas de viaje/blandas,Hogar/Maletas de viaje/blandas,Mascotas/Gatos/Areneras,Mascotas/Perros/Correas collares y arnes,Mascotas/Perros/Correas collares y arnes,Mascotas/Perros/Correas collares y arnes,Mascotas/Perros/Correas collares y arnes
Jugueteria/Didacticos/juegos de mesa,Jugueteria/Didacticos/juegos de mesa,Jugueteria/Didacticos/Ensenanza,Escolar/Libros,Jugueteria/Didacticos/Rompecabezas,Jugueteria/Didacticos/Rompecabezas,Jugueteria/Munecas/Bebes,Jugueteria/Didacticos/Ensenanza,Deportes/Articulos deportivos/Scooters,Jugueteria/Juegos de Rol/Cocina,Escolar/Libros,Jugueteria/Didacticos/juegos de mesa,Jugueteria/Didacticos/juegos de mesa,Jugueteria/Punteria,Mascotas/Gatos/Juguetes Para Gatos,Jugueteria/Didacticos/Rompecabezas,Jugueteria/Didacticos/Rompecabezas,Jugueteria/Juguetes de Bebe/Didacticos,Jugueteria/Juguetes de Bebe/Didacticos,Jugueteria/Juguetes de Bebe/Bloques
Hogar/Articulos para el hogar/Cocina/Ollas,Hogar/Articulos para el hogar/Cocina/Ollas,Hogar/Articulos para el hogar/Cocina/Ollas,Hogar/Articulos para el hogar/Cocina/Contenedores y Recipientes,Hogar/Articulos para el hogar/Cocina/Ollas,Hogar/Articulos para el hogar/Cocina/Contenedores y Recipientes,Hogar/Articulos para el hogar/Cocina/Accesorios para Cocina,Hogar/Articulos para el hogar/Cocina/Reposteria y Moldes,Hogar/Articulos para el hogar/Cocina/Accesorios para Cocina,Hogar/Articulos para el hogar/Cocina/Ollas,Hogar/Articulos para el hogar/Cocina/Accesorios para Cocina,Hogar/Articulos para el hogar/Cocina/Ollas,Hogar/Articulos para el hogar/Cocina/Ollas,Electrodomesticos/Electrobelleza/Planchas para el cabello,Hogar/Articulos para el hogar/Cocina/Contenedores y Recipientes,Hogar/Articulos para el hogar/Cocina/Accesorios para Cocina,Hogar/Articulos para el hogar/Cocina/Ollas,Hogar/Articulos para el hogar/Cocina/Ollas,Hogar/Articulos para el hogar/Cocina/Sartenes y Woks,Hogar/Articulos para el hogar/Cocina/Contenedores y Recipientes
Ropa y Zapatos/Ninas/Conjuntos,Ropa y Zapatos/Ninas/Pijamas,Ropa y Zapatos/Ninas/Bodies,Ropa y Zapatos/Ninas/Bodies,Ropa y Zapatos/Ninas/Bodies,Ropa y Zapatos/Ninos/Pantalones,Ropa y Zapatos/Ninos/Pijamas,Ropa y Zapatos/Ninas/Camisas,Ropa y Zapatos/Ninos/Camisas,Ropa y Zapatos/Ninos/Camisetas,Ropa y Zapatos/Ninos/Bodies,Ropa y Zapatos/Ninos/Bodies,Ropa y Zapatos/Ninos/Camisetas,Ropa y Zapatos/Ninas/Mamelucos,Ropa y Zapatos/Ninos/Jeans,Ropa y Zapatos/Ninas/Camisetas,Ropa y Zapatos/Ninas/Camisetas,Ropa y Zapatos/Ninos/Camisas,Ropa y Zapatos/Ninas/Vestidos y faldas,Ropa y Zapatos/Ninos/Chaquetas
Hogar/Articulos para el hogar/Cocina/Ollas,Hogar/Articulos para el hogar/Cocina/Ollas,Hogar/Articulos para el hogar/Cocina/Ollas,Hogar/Articulos para el hogar/Cocina/Contenedores y Recipientes,Hogar/Articulos para el hogar/Cocina/Ollas,Hogar/Articulos para el hogar/Cocina/Contenedores y Recipientes,Hogar/Articulos para el hogar/Cocina/Accesorios para Cocina,Hogar/Articulos para el hogar/Cocina/Accesorios para Cocina,Hogar/Articulos para el hogar/Cocina/Ollas,Hogar/Articulos para el hogar/Cocina/Reposteria y Moldes,Hogar/Articulos para el hogar/Cocina/Ollas,Hogar/Articulos para el hogar/Cocina/Contenedores y Recipientes,Hogar/Articulos para el hogar/Cocina/Accesorios para Cocina,Electrodomesticos/Electrobelleza/Planchas para el cabello,Hogar/Articulos para el hogar/Cocina/Ollas,Hogar/Articulos para el hogar/Cocina/Ollas,Hogar/Articulos para el hogar/Cocina/Sartenes y Woks,Hogar/Articulos para el hogar/Cocina/Ollas,Hogar/Articulos para el hogar/Cocina/Contenedores y Recipientes,Hogar/Articulos para el hogar/Cocina/Accesorios para Cocina
Ropa y Zapatos/Ninas/Vestidos y faldas,Ropa y Zapatos/Ninas/Pijamas,Ropa y Zapatos/Ninas/Vestidos y faldas,Ropa y Zapatos/Ninos/Pijamas,Ropa y Zapatos/Ninas/Bodies,Ropa y Zapatos/Ninas/Conjuntos,Ropa y Zapatos/Ninos/Camisetas,Ropa y Zapatos/Ninas/Vestidos y faldas,Ropa y Zapatos/Ninas/Vestidos y faldas,Ropa y Zapatos/Ninos/Bodies,Ropa y Zapatos/Ninos/Pijamas,Ropa y Zapatos/Ninas/Bodies,Ropa y Zapatos/Ninas/Pantalones,Ropa y Zapatos/Ninas/Camisetas,Ropa y Zapatos/Ninas/Camisas,Ropa y Zapatos/Ninos/Camisetas,Ropa y Zapatos/Ninos/Camisetas,Ropa y Zapatos/Ninas/Bodies,Ropa y Zapatos/Ninas/Bodies,Ropa y Zapatos/Ninas/Bodies
Hogar/Articulos para el hogar/Cocina/Ollas,Hogar/Articulos para el hogar/Cocina/Ollas,Hogar/Articulos para el hogar/Cocina/Ollas,Hogar/Articulos para el hogar/Cocina/Contenedores y Recipientes,Hogar/Articulos para el hogar/Cocina/Reposteria y Moldes,Hogar/Articulos para el hogar/Cocina/Ollas,Hogar/Articulos para el hogar/Cocina/Contenedores y Recipientes,Hogar/Articulos para el hogar/Cocina/Accesorios para Cocina,Hogar/Articulos para el hogar/Cocina/Accesorios para Cocina,Hogar/Articulos para el hogar/Cocina/Ollas,Hogar/Articulos para el hogar/Cocina/Ollas,Hogar/Articulos para el hogar/Cocina/Accesorios para Cocina,Hogar/Articulos para el hogar/Cocina/Ollas,Hogar/Articulos para el hogar/Cocina/Contenedores y Recipientes,Hogar/Articulos para el hogar/Cocina/Accesorios para Cocina,Electrodomesticos/Electrobelleza/Planchas para el cabello,Electrodomesticos/electromenor/Exprimidores y extractores,Hogar/Articulos para el hogar/Cocina/Ollas,Electrodomesticos/Electro Mayor/Coccion/Hornos a Gas y Electricos,Hogar/Articulos para el hogar/Cocina/Cuchillos y tablas
Hogar/Articulos para el hogar/Cocina/Contenedores y Recipientes,Hogar/Articulos para el hogar/Cocina/Contenedores y Recipientes,Hogar/Articulos para el hogar/Cocina/Contenedores y Recipientes,Mascotas/Gatos/Juguetes Para Gatos,Mascotas/Perros/Juguetes Para Perros,Mascotas/Perros/Juguetes Para Perros,Bebes/Alimentacion/Vasos/Boquilla,Bebes/Alimentacion/Vasos/Boquilla,Jugueteria/Punteria,Jugueteria/Punteria,Mascotas/Perros/Juguetes Para Perros,Deportes/Articulos deportivos/Scooters,Jugueteria/Pilas,Mascotas/Perros/Juguetes Para Perros,Bebes/Alimentacion/Vasos/Boquilla,Jugueteria/Punteria,Bebes/Coches/Paseadores,Bebes/Coches/Paseadores,Bebes/Coches/Paseadores,Bebes/Coches/Paseadores
Jugueteria/Munecas/Bebes,Ropa y Zapatos/Ninas/Camisas,Jugueteria/Munecas/Bebes,Ropa y Zapatos/Ninos/Camisetas,Jugueteria/Didacticos/libros Infantiles,Jugueteria/Didacticos/libros Infantiles,Ropa y Zapatos/Ninos/Camisetas,Jugueteria/Munecas/Bebes,Ropa y Zapatos/Ninas/Pijamas,Ropa y Zapatos/Ninas/Camisetas,Ropa y Zapatos/Ninos/Pantalones,Ropa y Zapatos/Ninas/Buzos,Ropa y Zapatos/Ninos/Camisetas,Ropa y Zapatos/Ninos/Chaquetas,Ropa y Zapatos/Ninos/Camisetas,Ropa y Zapatos/Ninas/Camisetas,Ropa y Zapatos/Ninas/Camisetas,Ropa y Zapatos/Ninos/Camisetas,Jugueteria/Peluches/personajes,Ropa y Zapatos/Ninas/Camisetas
Escolar/Libros,Alimentos y Bebidas/Salado/Pasabocas,Jugueteria/Munecas/Bebes,Escolar/Libros,Jugueteria/Punteria,Jugueteria/Punteria,Mascotas/Gatos/Juguetes Para Gatos,Jugueteria/Didacticos/Rompecabezas,Jugueteria/Didacticos/Rompecabezas,Jugueteria/Didacticos/Rompecabezas,Jugueteria/Didacticos/juegos de mesa,Jugueteria/Didacticos/juegos de mesa,Jugueteria/Didacticos/Rompecabezas,Jugueteria/Didacticos/Rompecabezas,Alimentos y Bebidas/Dulce/Dulces,Jugueteria/Punteria,Jugueteria/Juegos de Rol/Cocina,Alimentos y Bebidas/Dulce/Dulces,Hogar/Articulos para el hogar/Cocina/Accesorios para Cocina,Mascotas/Gatos/Juguetes Para Gatos
